timestamp,temp,humidity,gas,presence,anomaly_label
2026-10-01T00:00:00Z,19.26,62.53,129.0,0,0
2026-10-01T00:01:00Z,18.85,63.44,115.0,0,0
2026-10-01T00:02:00Z,19.37,63.26,105.0,0,0
2026-10-01T00:03:00Z,19.42,63.87,125.0,0,0
2026-10-01T00:04:00Z,18.54,62.19,107.0,0,0
2026-10-01T00:05:00Z,18.72,62.68,111.0,0,0
2026-10-01T00:06:00Z,19.14,63.02,106.0,0,0
2026-10-01T00:07:00Z,18.99,62.5,123.0,0,0
2026-10-01T00:08:00Z,19.07,61.72,109.0,0,0
2026-10-01T00:09:00Z,18.81,61.84,111.0,0,0
2026-10-01T00:10:00Z,19.31,61.15,120.0,0,0
2026-10-01T00:11:00Z,19.27,63.03,115.0,0,0
2026-10-01T00:12:00Z,19.05,62.29,110.0,0,0
2026-10-01T00:13:00Z,19.35,61.47,119.0,0,0
2026-10-01T00:14:00Z,19.14,61.5,130.0,0,0
2026-10-01T00:15:00Z,18.73,60.7,113.0,0,0
2026-10-01T00:16:00Z,19.09,64.02,111.0,0,0
2026-10-01T00:17:00Z,18.68,62.69,111.0,0,0
2026-10-01T00:18:00Z,19.22,61.31,120.0,0,0
2026-10-01T00:19:00Z,18.93,63.85,105.0,0,0
2026-10-01T00:20:00Z,18.88,61.82,108.0,0,0
2026-10-01T00:21:00Z,18.72,60.58,98.0,0,0
2026-10-01T00:22:00Z,19.28,64.25,101.0,0,0
2026-10-01T00:23:00Z,18.86,61.94,106.0,0,0
2026-10-01T00:24:00Z,18.76,62.16,110.0,0,0
2026-10-01T00:25:00Z,18.77,62.86,124.0,0,0
2026-10-01T00:26:00Z,19.03,64.54,114.0,1,0
2026-10-01T00:27:00Z,18.97,62.88,103.0,0,0
2026-10-01T00:28:00Z,18.97,61.08,104.0,0,0
2026-10-01T00:29:00Z,18.97,63.72,121.0,0,0
2026-10-01T00:30:00Z,19.47,62.21,119.0,0,0
2026-10-01T00:31:00Z,18.69,65.79,110.0,0,0
2026-10-01T00:32:00Z,18.65,62.98,106.0,0,0
2026-10-01T00:33:00Z,18.55,59.66,119.0,0,0
2026-10-01T00:34:00Z,18.97,63.57,102.0,0,0
2026-10-01T00:35:00Z,19.11,65.98,113.0,0,0
2026-10-01T00:36:00Z,18.73,65.45,128.0,0,0
2026-10-01T00:37:00Z,18.5,65.86,112.0,0,0
2026-10-01T00:38:00Z,18.5,61.61,104.0,0,0
2026-10-01T00:39:00Z,18.93,64.53,113.0,0,0
2026-10-01T00:40:00Z,18.95,62.11,106.0,0,0
2026-10-01T00:41:00Z,18.88,63.55,99.0,1,0
2026-10-01T00:42:00Z,18.5,61.33,116.0,0,0
2026-10-01T00:43:00Z,18.76,62.3,119.0,0,0
2026-10-01T00:44:00Z,18.72,62.28,108.0,0,0
2026-10-01T00:45:00Z,18.74,64.66,107.0,0,0
2026-10-01T00:46:00Z,18.93,64.54,102.0,0,0
2026-10-01T00:47:00Z,18.72,63.78,109.0,0,0
2026-10-01T00:48:00Z,18.85,61.36,106.0,0,0
2026-10-01T00:49:00Z,18.66,62.94,102.0,1,0
2026-10-01T00:50:00Z,18.71,62.31,125.0,0,0
2026-10-01T00:51:00Z,18.81,64.76,114.0,0,0
2026-10-01T00:52:00Z,18.17,65.25,115.0,0,0
2026-10-01T00:53:00Z,18.5,65.09,117.0,0,0
2026-10-01T00:54:00Z,18.45,62.39,116.0,0,0
2026-10-01T00:55:00Z,18.39,59.44,107.0,0,0
2026-10-01T00:56:00Z,18.49,60.92,112.0,0,0
2026-10-01T00:57:00Z,19.01,65.73,108.0,0,0
2026-10-01T00:58:00Z,18.29,63.01,114.0,1,0
2026-10-01T00:59:00Z,18.84,62.51,113.0,0,0
2026-10-01T01:00:00Z,18.03,66.12,107.0,0,0
2026-10-01T01:01:00Z,18.43,65.58,99.0,0,0
2026-10-01T01:02:00Z,18.57,63.74,111.0,0,0
2026-10-01T01:03:00Z,18.69,63.28,108.0,0,0
2026-10-01T01:04:00Z,18.71,63.55,95.0,0,0
2026-10-01T01:05:00Z,18.73,64.11,114.0,0,0
2026-10-01T01:06:00Z,18.38,66.19,118.0,0,0
2026-10-01T01:07:00Z,18.34,64.44,130.0,0,0
2026-10-01T01:08:00Z,18.73,64.92,107.0,0,0
2026-10-01T01:09:00Z,18.4,65.6,106.0,0,0
2026-10-01T01:10:00Z,18.07,62.12,101.0,0,0
2026-10-01T01:11:00Z,18.1,65.02,112.0,0,0
2026-10-01T01:12:00Z,18.16,63.47,112.0,0,0
2026-10-01T01:13:00Z,18.58,60.16,104.0,0,0
2026-10-01T01:14:00Z,18.46,60.76,109.0,0,0
2026-10-01T01:15:00Z,18.62,62.44,94.0,0,0
2026-10-01T01:16:00Z,18.28,64.78,117.0,0,0
2026-10-01T01:17:00Z,18.44,64.18,104.0,0,0
2026-10-01T01:18:00Z,18.58,64.3,110.0,0,0
2026-10-01T01:19:00Z,18.29,66.97,99.0,0,0
2026-10-01T01:20:00Z,18.51,62.16,105.0,0,0
2026-10-01T01:21:00Z,18.17,64.04,108.0,0,0
2026-10-01T01:22:00Z,18.25,64.56,110.0,0,0
2026-10-01T01:23:00Z,18.24,63.01,114.0,0,0
2026-10-01T01:24:00Z,17.99,64.18,122.0,0,0
2026-10-01T01:25:00Z,18.48,61.75,116.0,0,0
2026-10-01T01:26:00Z,18.19,66.29,118.0,0,0
2026-10-01T01:27:00Z,18.33,63.17,122.0,1,0
2026-10-01T01:28:00Z,18.46,67.25,115.0,0,0
2026-10-01T01:29:00Z,18.45,64.17,110.0,0,0
2026-10-01T01:30:00Z,18.5,65.78,118.0,0,0
2026-10-01T01:31:00Z,18.27,64.18,119.0,0,0
2026-10-01T01:32:00Z,18.16,64.23,115.0,0,0
2026-10-01T01:33:00Z,18.26,63.41,98.0,0,0
2026-10-01T01:34:00Z,17.77,64.48,103.0,0,0
2026-10-01T01:35:00Z,17.84,64.8,108.0,1,0
2026-10-01T01:36:00Z,17.87,63.16,116.0,0,0
2026-10-01T01:37:00Z,17.96,64.16,110.0,0,0
2026-10-01T01:38:00Z,18.37,63.45,119.0,1,0
2026-10-01T01:39:00Z,17.98,67.83,121.0,0,0
2026-10-01T01:40:00Z,18.13,64.26,120.0,0,0
2026-10-01T01:41:00Z,18.63,66.73,120.0,0,0
2026-10-01T01:42:00Z,18.12,64.13,102.0,0,0
2026-10-01T01:43:00Z,18.44,64.83,114.0,0,0
2026-10-01T01:44:00Z,17.94,62.47,105.0,0,0
2026-10-01T01:45:00Z,18.15,63.8,97.0,0,0
2026-10-01T01:46:00Z,17.92,64.8,108.0,0,0
2026-10-01T01:47:00Z,18.1,66.88,121.0,0,0
2026-10-01T01:48:00Z,18.45,64.84,114.0,0,0
2026-10-01T01:49:00Z,17.67,66.6,126.0,0,0
2026-10-01T01:50:00Z,18.32,65.5,111.0,0,0
2026-10-01T01:51:00Z,18.25,66.99,130.0,0,0
2026-10-01T01:52:00Z,18.0,64.47,111.0,0,0
2026-10-01T01:53:00Z,17.74,68.16,110.0,0,0
2026-10-01T01:54:00Z,18.19,63.86,100.0,0,0
2026-10-01T01:55:00Z,18.0,63.45,119.0,0,0
2026-10-01T01:56:00Z,18.22,62.8,106.0,0,0
2026-10-01T01:57:00Z,18.16,68.12,105.0,0,0
2026-10-01T01:58:00Z,18.63,65.87,120.0,0,0
2026-10-01T01:59:00Z,18.07,64.15,119.0,0,0
2026-10-01T02:00:00Z,17.83,66.53,119.0,0,0
2026-10-01T02:01:00Z,18.19,65.7,107.0,0,0
2026-10-01T02:02:00Z,18.19,67.63,110.0,0,0
2026-10-01T02:03:00Z,18.53,62.37,110.0,0,0
2026-10-01T02:04:00Z,18.37,64.3,116.0,0,0
2026-10-01T02:05:00Z,18.22,64.02,122.0,0,0
2026-10-01T02:06:00Z,18.55,61.76,113.0,0,0
2026-10-01T02:07:00Z,17.75,66.32,126.0,1,0
2026-10-01T02:08:00Z,17.91,64.34,117.0,0,0
2026-10-01T02:09:00Z,17.82,65.86,108.0,0,0
2026-10-01T02:10:00Z,17.98,68.3,117.0,0,0
2026-10-01T02:11:00Z,17.68,64.24,124.0,0,0
2026-10-01T02:12:00Z,18.28,64.15,126.0,0,1
2026-10-01T02:13:00Z,18.28,64.97,119.0,0,1
2026-10-01T02:14:00Z,18.28,66.28,110.0,1,1
2026-10-01T02:15:00Z,18.28,63.96,108.0,0,1
2026-10-01T02:16:00Z,18.28,63.87,115.0,0,1
2026-10-01T02:17:00Z,18.28,66.41,123.0,0,1
2026-10-01T02:18:00Z,18.28,65.4,113.0,0,1
2026-10-01T02:19:00Z,18.28,61.77,114.0,0,1
2026-10-01T02:20:00Z,18.28,63.01,110.0,0,1
2026-10-01T02:21:00Z,18.28,67.11,107.0,0,1
2026-10-01T02:22:00Z,18.28,65.47,109.0,0,1
2026-10-01T02:23:00Z,18.28,63.73,111.0,0,1
2026-10-01T02:24:00Z,18.28,64.62,124.0,0,1
2026-10-01T02:25:00Z,18.28,64.9,108.0,0,1
2026-10-01T02:26:00Z,18.28,65.99,110.0,1,1
2026-10-01T02:27:00Z,18.28,62.86,103.0,0,1
2026-10-01T02:28:00Z,18.28,63.64,116.0,0,1
2026-10-01T02:29:00Z,18.28,65.32,121.0,0,1
2026-10-01T02:30:00Z,18.28,64.76,123.0,0,1
2026-10-01T02:31:00Z,18.28,65.78,112.0,0,1
2026-10-01T02:32:00Z,18.28,63.08,115.0,0,1
2026-10-01T02:33:00Z,18.28,65.47,109.0,0,1
2026-10-01T02:34:00Z,18.28,66.57,114.0,0,1
2026-10-01T02:35:00Z,18.28,65.67,113.0,0,1
2026-10-01T02:36:00Z,18.28,65.15,110.0,0,1
2026-10-01T02:37:00Z,18.31,64.81,111.0,0,0
2026-10-01T02:38:00Z,17.87,63.7,114.0,0,0
2026-10-01T02:39:00Z,17.66,64.85,108.0,0,0
2026-10-01T02:40:00Z,17.73,66.85,108.0,0,0
2026-10-01T02:41:00Z,17.8,64.79,124.0,0,0
2026-10-01T02:42:00Z,18.65,63.63,132.0,0,0
2026-10-01T02:43:00Z,17.76,64.23,100.0,0,0
2026-10-01T02:44:00Z,18.26,65.28,100.0,0,0
2026-10-01T02:45:00Z,17.74,64.42,102.0,0,0
2026-10-01T02:46:00Z,18.29,65.71,109.0,0,0
2026-10-01T02:47:00Z,18.12,65.77,117.0,0,0
2026-10-01T02:48:00Z,17.96,66.32,115.0,0,0
2026-10-01T02:49:00Z,17.99,67.12,111.0,0,0
2026-10-01T02:50:00Z,17.81,66.48,114.0,0,0
2026-10-01T02:51:00Z,18.14,63.59,104.0,0,0
2026-10-01T02:52:00Z,17.87,63.64,108.0,0,0
2026-10-01T02:53:00Z,17.63,64.88,110.0,0,0
2026-10-01T02:54:00Z,17.62,64.32,97.0,0,0
2026-10-01T02:55:00Z,18.05,63.29,101.0,0,1
2026-10-01T02:56:00Z,18.47,64.34,151.0,0,1
2026-10-01T02:57:00Z,18.05,64.29,216.0,0,1
2026-10-01T02:58:00Z,17.96,63.99,262.0,0,1
2026-10-01T02:59:00Z,18.09,64.53,315.0,0,1
2026-10-01T03:00:00Z,18.39,66.77,345.0,0,1
2026-10-01T03:01:00Z,18.07,65.3,398.0,0,1
2026-10-01T03:02:00Z,17.88,68.71,465.0,0,1
2026-10-01T03:03:00Z,18.33,65.25,488.0,0,1
2026-10-01T03:04:00Z,18.13,64.56,570.0,0,1
2026-10-01T03:05:00Z,18.46,65.0,95.0,0,0
2026-10-01T03:06:00Z,18.06,65.38,117.0,0,0
2026-10-01T03:07:00Z,17.63,65.65,103.0,0,0
2026-10-01T03:08:00Z,17.59,68.11,118.0,0,0
2026-10-01T03:09:00Z,18.5,63.72,136.0,0,0
2026-10-01T03:10:00Z,18.52,66.28,92.0,0,0
2026-10-01T03:11:00Z,17.95,65.3,116.0,0,0
2026-10-01T03:12:00Z,17.89,62.63,96.0,0,0
2026-10-01T03:13:00Z,18.44,66.14,113.0,0,0
2026-10-01T03:14:00Z,17.68,66.88,108.0,0,0
2026-10-01T03:15:00Z,17.74,63.69,111.0,0,0
2026-10-01T03:16:00Z,18.2,64.96,103.0,0,0
2026-10-01T03:17:00Z,17.89,62.38,116.0,0,0
2026-10-01T03:18:00Z,18.01,63.08,98.0,0,0
2026-10-01T03:19:00Z,17.96,66.54,120.0,0,0
2026-10-01T03:20:00Z,18.12,64.26,107.0,0,0
2026-10-01T03:21:00Z,18.44,63.29,99.0,0,0
2026-10-01T03:22:00Z,18.05,65.3,123.0,0,0
2026-10-01T03:23:00Z,18.21,64.17,109.0,0,0
2026-10-01T03:24:00Z,17.41,64.24,125.0,0,0
2026-10-01T03:25:00Z,18.01,66.05,120.0,0,0
2026-10-01T03:26:00Z,17.77,63.19,104.0,0,0
2026-10-01T03:27:00Z,17.66,63.57,109.0,0,0
2026-10-01T03:28:00Z,17.77,65.16,111.0,0,0
2026-10-01T03:29:00Z,17.93,66.37,122.0,0,0
2026-10-01T03:30:00Z,18.31,66.77,114.0,0,0
2026-10-01T03:31:00Z,17.64,63.91,111.0,0,0
2026-10-01T03:32:00Z,18.05,66.31,108.0,0,0
2026-10-01T03:33:00Z,17.9,63.72,110.0,0,0
2026-10-01T03:34:00Z,17.95,67.63,120.0,0,0
2026-10-01T03:35:00Z,23.35,63.18,110.0,1,1
2026-10-01T03:36:00Z,24.01,66.87,227.0,1,1
2026-10-01T03:37:00Z,25.05,63.89,345.0,1,1
2026-10-01T03:38:00Z,20.41,67.88,466.0,0,1
2026-10-01T03:39:00Z,21.05,65.74,579.0,0,1
2026-10-01T03:40:00Z,21.99,63.32,704.0,0,1
2026-10-01T03:41:00Z,22.94,64.06,842.0,0,1
2026-10-01T03:42:00Z,23.72,66.0,948.0,0,1
2026-10-01T03:43:00Z,24.14,66.4,1076.0,0,1
2026-10-01T03:44:00Z,25.3,64.71,1170.0,0,1
2026-10-01T03:45:00Z,26.15,64.87,1315.0,0,1
2026-10-01T03:46:00Z,27.64,65.94,1429.0,0,1
2026-10-01T03:47:00Z,18.65,64.99,106.0,0,0
2026-10-01T03:48:00Z,17.83,62.84,111.0,0,0
2026-10-01T03:49:00Z,18.0,63.55,106.0,0,0
2026-10-01T03:50:00Z,17.66,65.12,93.0,0,0
2026-10-01T03:51:00Z,17.92,66.58,117.0,0,0
2026-10-01T03:52:00Z,18.2,67.17,112.0,0,0
2026-10-01T03:53:00Z,18.47,65.9,107.0,0,0
2026-10-01T03:54:00Z,17.89,65.15,102.0,0,0
2026-10-01T03:55:00Z,17.92,65.84,98.0,0,0
2026-10-01T03:56:00Z,17.47,63.7,112.0,0,0
2026-10-01T03:57:00Z,18.07,64.46,123.0,0,0
2026-10-01T03:58:00Z,17.81,63.45,112.0,1,0
2026-10-01T03:59:00Z,17.97,62.8,99.0,0,0
2026-10-01T04:00:00Z,17.87,65.16,112.0,0,0
2026-10-01T04:01:00Z,18.11,64.93,110.0,0,0
2026-10-01T04:02:00Z,17.62,65.67,117.0,0,0
2026-10-01T04:03:00Z,17.71,65.44,115.0,0,0
2026-10-01T04:04:00Z,18.79,64.98,86.0,0,0
2026-10-01T04:05:00Z,17.77,65.44,114.0,0,0
2026-10-01T04:06:00Z,17.84,64.52,102.0,0,0
2026-10-01T04:07:00Z,18.72,65.2,99.0,0,0
2026-10-01T04:08:00Z,19.05,63.47,108.0,0,0
2026-10-01T04:09:00Z,17.83,65.1,113.0,0,0
2026-10-01T04:10:00Z,18.07,65.54,97.0,0,0
2026-10-01T04:11:00Z,18.29,63.52,116.0,0,0
2026-10-01T04:12:00Z,18.71,64.59,116.0,0,0
2026-10-01T04:13:00Z,17.91,63.56,110.0,0,0
2026-10-01T04:14:00Z,18.13,63.69,103.0,0,0
2026-10-01T04:15:00Z,18.45,62.78,102.0,0,0
2026-10-01T04:16:00Z,18.35,66.35,118.0,0,0
2026-10-01T04:17:00Z,18.11,66.04,98.0,0,0
2026-10-01T04:18:00Z,18.19,65.23,119.0,0,0
2026-10-01T04:19:00Z,17.82,67.37,109.0,0,0
2026-10-01T04:20:00Z,18.17,64.11,109.0,0,0
2026-10-01T04:21:00Z,18.17,68.93,96.0,0,0
2026-10-01T04:22:00Z,18.32,64.03,109.0,0,0
2026-10-01T04:23:00Z,18.09,64.73,115.0,0,0
2026-10-01T04:24:00Z,18.41,63.74,99.0,0,0
2026-10-01T04:25:00Z,18.58,64.88,114.0,0,0
2026-10-01T04:26:00Z,18.32,65.56,111.0,0,0
2026-10-01T04:27:00Z,18.39,64.12,105.0,0,0
2026-10-01T04:28:00Z,18.31,66.94,117.0,0,0
2026-10-01T04:29:00Z,18.3,64.61,92.0,0,0
2026-10-01T04:30:00Z,18.09,64.64,113.0,0,0
2026-10-01T04:31:00Z,18.41,62.86,123.0,0,0
2026-10-01T04:32:00Z,18.29,64.83,122.0,0,0
2026-10-01T04:33:00Z,18.95,63.99,113.0,0,0
2026-10-01T04:34:00Z,18.8,63.26,108.0,0,0
2026-10-01T04:35:00Z,18.45,62.99,105.0,0,0
2026-10-01T04:36:00Z,18.12,68.14,108.0,0,0
2026-10-01T04:37:00Z,18.02,63.72,114.0,0,0
2026-10-01T04:38:00Z,18.72,61.91,104.0,0,0
2026-10-01T04:39:00Z,18.45,63.03,116.0,0,0
2026-10-01T04:40:00Z,18.52,63.99,127.0,0,0
2026-10-01T04:41:00Z,17.86,64.86,110.0,0,1
2026-10-01T04:42:00Z,19.67,64.86,99.0,0,1
2026-10-01T04:43:00Z,20.53,65.02,99.0,0,1
2026-10-01T04:44:00Z,21.07,63.02,116.0,0,1
2026-10-01T04:45:00Z,22.27,64.48,110.0,0,1
2026-10-01T04:46:00Z,23.5,62.64,117.0,0,1
2026-10-01T04:47:00Z,24.44,63.0,106.0,0,1
2026-10-01T04:48:00Z,25.35,62.53,117.0,0,1
2026-10-01T04:49:00Z,26.41,62.11,109.0,0,1
2026-10-01T04:50:00Z,27.38,65.47,104.0,0,1
2026-10-01T04:51:00Z,28.51,64.88,107.0,0,1
2026-10-01T04:52:00Z,29.91,65.29,100.0,0,1
2026-10-01T04:53:00Z,29.71,63.87,126.0,0,1
2026-10-01T04:54:00Z,31.41,64.95,109.0,0,1
2026-10-01T04:55:00Z,32.55,61.13,115.0,0,1
2026-10-01T04:56:00Z,33.59,65.04,106.0,0,1
2026-10-01T04:57:00Z,34.4,63.99,102.0,0,1
2026-10-01T04:58:00Z,34.99,64.64,108.0,0,1
2026-10-01T04:59:00Z,36.63,64.25,119.0,0,1
2026-10-01T05:00:00Z,38.05,62.18,106.0,0,1
2026-10-01T05:01:00Z,18.08,61.39,103.0,0,0
2026-10-01T05:02:00Z,18.81,62.55,111.0,0,0
2026-10-01T05:03:00Z,18.46,64.44,114.0,0,0
2026-10-01T05:04:00Z,18.55,64.61,123.0,0,0
2026-10-01T05:05:00Z,18.26,61.5,113.0,0,0
2026-10-01T05:06:00Z,18.49,62.05,115.0,0,0
2026-10-01T05:07:00Z,18.99,62.42,116.0,0,0
2026-10-01T05:08:00Z,18.78,62.94,101.0,0,0
2026-10-01T05:09:00Z,19.14,61.41,102.0,0,0
2026-10-01T05:10:00Z,18.98,61.3,101.0,0,0
2026-10-01T05:11:00Z,18.77,62.18,99.0,0,0
2026-10-01T05:12:00Z,19.17,63.52,116.0,0,0
2026-10-01T05:13:00Z,18.79,61.59,112.0,0,0
2026-10-01T05:14:00Z,18.91,63.17,111.0,0,0
2026-10-01T05:15:00Z,18.59,64.9,89.0,0,0
2026-10-01T05:16:00Z,18.7,61.34,126.0,0,0
2026-10-01T05:17:00Z,18.48,62.96,103.0,0,0
2026-10-01T05:18:00Z,19.0,64.78,126.0,0,0
2026-10-01T05:19:00Z,18.36,62.59,98.0,0,0
2026-10-01T05:20:00Z,18.96,62.33,104.0,0,0
2026-10-01T05:21:00Z,18.68,64.91,92.0,0,0
2026-10-01T05:22:00Z,19.09,62.68,113.0,0,0
2026-10-01T05:23:00Z,18.98,64.77,101.0,0,0
2026-10-01T05:24:00Z,19.31,63.73,101.0,0,0
2026-10-01T05:25:00Z,18.99,62.55,99.0,0,0
2026-10-01T05:26:00Z,18.31,63.76,116.0,0,0
2026-10-01T05:27:00Z,18.77,63.49,116.0,0,0
2026-10-01T05:28:00Z,18.45,64.52,124.0,0,0
2026-10-01T05:29:00Z,18.66,62.14,105.0,0,0
2026-10-01T05:30:00Z,19.28,63.0,112.0,0,0
2026-10-01T05:31:00Z,19.03,62.81,100.0,0,0
2026-10-01T05:32:00Z,18.64,63.94,107.0,0,0
2026-10-01T05:33:00Z,18.55,61.32,106.0,0,0
2026-10-01T05:34:00Z,18.88,64.35,114.0,0,0
2026-10-01T05:35:00Z,18.52,63.5,118.0,0,0
2026-10-01T05:36:00Z,18.69,60.8,118.0,0,0
2026-10-01T05:37:00Z,19.0,64.56,103.0,0,0
2026-10-01T05:38:00Z,19.26,66.07,118.0,0,0
2026-10-01T05:39:00Z,19.11,64.19,110.0,0,0
2026-10-01T05:40:00Z,18.25,64.8,107.0,0,0
2026-10-01T05:41:00Z,19.04,62.76,104.0,0,0
2026-10-01T05:42:00Z,18.98,60.11,106.0,0,0
2026-10-01T05:43:00Z,19.09,59.81,124.0,0,0
2026-10-01T05:44:00Z,19.47,62.93,112.0,0,0
2026-10-01T05:45:00Z,18.37,61.63,111.0,0,0
2026-10-01T05:46:00Z,18.83,61.12,108.0,0,0
2026-10-01T05:47:00Z,19.19,62.37,130.0,0,0
2026-10-01T05:48:00Z,18.55,63.35,120.0,0,0
2026-10-01T05:49:00Z,19.48,60.22,104.0,0,0
2026-10-01T05:50:00Z,19.16,61.7,108.0,0,0
2026-10-01T05:51:00Z,19.32,64.61,108.0,0,0
2026-10-01T05:52:00Z,18.9,60.7,111.0,0,0
2026-10-01T05:53:00Z,19.33,63.59,104.0,0,0
2026-10-01T05:54:00Z,19.42,61.53,114.0,0,0
2026-10-01T05:55:00Z,19.18,63.04,122.0,0,0
2026-10-01T05:56:00Z,19.19,63.84,99.0,0,0
2026-10-01T05:57:00Z,19.22,63.27,101.0,0,0
2026-10-01T05:58:00Z,18.89,63.5,106.0,0,1
2026-10-01T05:59:00Z,19.11,60.37,157.0,0,1
2026-10-01T06:00:00Z,19.13,63.74,226.0,0,1
2026-10-01T06:01:00Z,19.3,60.76,268.0,0,1
2026-10-01T06:02:00Z,19.5,62.4,318.0,0,1
2026-10-01T06:03:00Z,18.89,62.37,358.0,0,1
2026-10-01T06:04:00Z,19.18,62.67,408.0,0,1
2026-10-01T06:05:00Z,19.68,62.42,448.0,0,1
2026-10-01T06:06:00Z,19.02,60.62,516.0,0,1
2026-10-01T06:07:00Z,19.01,59.83,564.0,0,1
2026-10-01T06:08:00Z,19.33,63.13,120.0,0,0
2026-10-01T06:09:00Z,19.54,62.07,108.0,0,0
2026-10-01T06:10:00Z,19.3,63.48,109.0,0,0
2026-10-01T06:11:00Z,19.71,61.66,111.0,0,0
2026-10-01T06:12:00Z,19.58,59.58,117.0,0,0
2026-10-01T06:13:00Z,19.59,63.11,98.0,0,0
2026-10-01T06:14:00Z,19.52,61.07,116.0,0,0
2026-10-01T06:15:00Z,20.06,62.11,110.0,0,0
2026-10-01T06:16:00Z,19.31,60.59,102.0,0,0
2026-10-01T06:17:00Z,18.79,63.99,93.0,0,0
2026-10-01T06:18:00Z,19.88,60.18,109.0,0,0
2026-10-01T06:19:00Z,19.28,60.96,122.0,0,0
2026-10-01T06:20:00Z,19.46,61.59,123.0,0,0
2026-10-01T06:21:00Z,19.84,59.76,113.0,0,0
2026-10-01T06:22:00Z,18.98,61.86,126.0,0,0
2026-10-01T06:23:00Z,19.09,63.74,110.0,0,0
2026-10-01T06:24:00Z,19.0,60.56,118.0,0,0
2026-10-01T06:25:00Z,19.26,61.85,106.0,0,0
2026-10-01T06:26:00Z,19.64,57.1,106.0,0,0
2026-10-01T06:27:00Z,19.68,61.13,105.0,0,0
2026-10-01T06:28:00Z,19.62,60.69,94.0,0,0
2026-10-01T06:29:00Z,19.13,59.89,120.0,0,0
2026-10-01T06:30:00Z,18.87,62.71,105.0,0,0
2026-10-01T06:31:00Z,19.6,60.56,104.0,0,0
2026-10-01T06:32:00Z,19.45,60.75,101.0,0,0
2026-10-01T06:33:00Z,19.74,60.42,108.0,0,0
2026-10-01T06:34:00Z,19.83,58.07,124.0,0,0
2026-10-01T06:35:00Z,19.68,59.22,127.0,0,0
2026-10-01T06:36:00Z,19.88,62.32,97.0,0,0
2026-10-01T06:37:00Z,19.73,57.68,107.0,0,0
2026-10-01T06:38:00Z,19.84,59.66,102.0,0,0
2026-10-01T06:39:00Z,19.48,60.17,118.0,0,0
2026-10-01T06:40:00Z,19.65,63.35,112.0,0,0
2026-10-01T06:41:00Z,19.78,61.85,105.0,0,0
2026-10-01T06:42:00Z,19.98,59.83,111.0,0,0
2026-10-01T06:43:00Z,19.63,62.58,106.0,0,0
2026-10-01T06:44:00Z,19.92,59.48,123.0,0,0
2026-10-01T06:45:00Z,19.7,62.07,114.0,0,0
2026-10-01T06:46:00Z,19.76,58.48,115.0,0,0
2026-10-01T06:47:00Z,20.06,62.09,89.0,0,0
2026-10-01T06:48:00Z,19.22,59.84,109.0,0,0
2026-10-01T06:49:00Z,19.45,58.87,127.0,0,0
2026-10-01T06:50:00Z,19.41,60.05,121.0,0,0
2026-10-01T06:51:00Z,19.17,60.75,95.0,0,0
2026-10-01T06:52:00Z,19.68,59.56,107.0,0,0
2026-10-01T06:53:00Z,20.12,61.09,100.0,0,0
2026-10-01T06:54:00Z,19.82,59.35,124.0,0,0
2026-10-01T06:55:00Z,19.98,61.12,112.0,0,0
2026-10-01T06:56:00Z,20.27,60.81,104.0,0,0
2026-10-01T06:57:00Z,20.35,60.02,110.0,0,0
2026-10-01T06:58:00Z,19.95,59.41,89.0,0,0
2026-10-01T06:59:00Z,20.39,60.27,101.0,0,0
2026-10-01T07:00:00Z,20.03,60.83,110.0,0,0
2026-10-01T07:01:00Z,19.76,63.05,117.0,0,0
2026-10-01T07:02:00Z,19.85,61.33,94.0,0,0
2026-10-01T07:03:00Z,19.6,61.35,107.0,0,0
2026-10-01T07:04:00Z,19.79,64.48,118.0,0,0
2026-10-01T07:05:00Z,19.97,60.58,98.0,0,0
2026-10-01T07:06:00Z,20.33,60.5,112.0,0,0
2026-10-01T07:07:00Z,20.62,60.79,111.0,0,0
2026-10-01T07:08:00Z,19.71,58.18,124.0,0,0
2026-10-01T07:09:00Z,20.26,58.99,108.0,0,0
2026-10-01T07:10:00Z,19.84,58.86,109.0,0,0
2026-10-01T07:11:00Z,20.31,60.55,117.0,0,0
2026-10-01T07:12:00Z,20.14,59.28,99.0,0,0
2026-10-01T07:13:00Z,19.65,59.71,108.0,0,0
2026-10-01T07:14:00Z,20.49,61.09,106.0,1,0
2026-10-01T07:15:00Z,20.05,60.72,109.0,0,0
2026-10-01T07:16:00Z,20.09,59.14,117.0,0,0
2026-10-01T07:17:00Z,19.94,58.34,114.0,0,0
2026-10-01T07:18:00Z,20.08,61.01,104.0,0,0
2026-10-01T07:19:00Z,20.42,60.43,111.0,0,0
2026-10-01T07:20:00Z,20.25,56.82,122.0,0,0
2026-10-01T07:21:00Z,20.42,58.72,103.0,0,0
2026-10-01T07:22:00Z,20.45,59.4,111.0,0,0
2026-10-01T07:23:00Z,20.75,60.28,108.0,0,0
2026-10-01T07:24:00Z,20.27,60.43,109.0,0,0
2026-10-01T07:25:00Z,19.95,59.45,97.0,0,0
2026-10-01T07:26:00Z,20.73,59.87,121.0,0,0
2026-10-01T07:27:00Z,20.32,59.04,104.0,0,0
2026-10-01T07:28:00Z,20.77,57.9,118.0,0,0
2026-10-01T07:29:00Z,20.57,58.48,105.0,0,0
2026-10-01T07:30:00Z,20.43,58.86,105.0,0,0
2026-10-01T07:31:00Z,20.59,58.73,120.0,0,0
2026-10-01T07:32:00Z,21.09,55.92,118.0,0,1
2026-10-01T07:33:00Z,21.04,58.11,112.0,0,1
2026-10-01T07:34:00Z,20.35,58.75,116.0,0,1
2026-10-01T07:35:00Z,20.3,58.2,108.0,0,1
2026-10-01T07:36:00Z,20.49,58.21,110.0,0,1
2026-10-01T07:37:00Z,19.83,59.27,105.0,0,1
2026-10-01T07:38:00Z,20.1,56.88,117.0,1,1
2026-10-01T07:39:00Z,19.91,56.02,104.0,0,1
2026-10-01T07:40:00Z,19.93,57.9,122.0,0,1
2026-10-01T07:41:00Z,19.5,59.53,107.0,0,1
2026-10-01T07:42:00Z,19.19,60.87,110.0,0,1
2026-10-01T07:43:00Z,18.96,59.47,116.0,0,1
2026-10-01T07:44:00Z,19.16,56.05,110.0,0,1
2026-10-01T07:45:00Z,19.28,57.87,108.0,0,1
2026-10-01T07:46:00Z,19.24,58.56,110.0,0,1
2026-10-01T07:47:00Z,19.83,58.4,117.0,0,1
2026-10-01T07:48:00Z,19.5,58.9,105.0,0,1
2026-10-01T07:49:00Z,18.79,56.67,109.0,0,1
2026-10-01T07:50:00Z,19.1,58.1,110.0,0,1
2026-10-01T07:51:00Z,18.79,58.6,117.0,0,1
2026-10-01T07:52:00Z,18.75,59.16,109.0,0,1
2026-10-01T07:53:00Z,18.8,56.67,124.0,0,1
2026-10-01T07:54:00Z,18.85,57.32,109.0,0,1
2026-10-01T07:55:00Z,18.48,53.74,108.0,0,1
2026-10-01T07:56:00Z,18.82,56.82,109.0,0,1
2026-10-01T07:57:00Z,18.07,56.93,99.0,0,1
2026-10-01T07:58:00Z,18.33,56.14,102.0,0,1
2026-10-01T07:59:00Z,19.03,57.88,106.0,0,1
2026-10-01T08:00:00Z,18.23,57.5,119.0,0,1
2026-10-01T08:01:00Z,18.51,54.16,142.0,1,1
2026-10-01T08:02:00Z,21.03,57.83,130.0,1,0
2026-10-01T08:03:00Z,21.19,56.07,152.0,0,0
2026-10-01T08:04:00Z,21.02,58.15,161.0,0,0
2026-10-01T08:05:00Z,21.0,55.45,136.0,0,0
2026-10-01T08:06:00Z,20.83,57.38,109.0,1,0
2026-10-01T08:07:00Z,21.21,56.87,111.0,1,0
2026-10-01T08:08:00Z,20.84,57.7,148.0,0,0
2026-10-01T08:09:00Z,21.32,57.39,134.0,0,0
2026-10-01T08:10:00Z,21.46,56.78,115.0,1,0
2026-10-01T08:11:00Z,21.26,54.82,151.0,1,0
2026-10-01T08:12:00Z,21.08,54.86,156.0,0,0
2026-10-01T08:13:00Z,21.32,56.16,116.0,0,0
2026-10-01T08:14:00Z,21.11,56.98,120.0,0,0
2026-10-01T08:15:00Z,21.5,56.04,126.0,0,0
2026-10-01T08:16:00Z,20.69,57.85,116.0,0,0
2026-10-01T08:17:00Z,21.15,56.45,144.0,0,0
2026-10-01T08:18:00Z,20.67,55.37,125.0,1,0
2026-10-01T08:19:00Z,20.84,56.36,105.0,1,0
2026-10-01T08:20:00Z,21.71,57.08,124.0,0,0
2026-10-01T08:21:00Z,21.59,57.18,117.0,0,0
2026-10-01T08:22:00Z,21.12,59.47,124.0,0,0
2026-10-01T08:23:00Z,20.91,55.6,121.0,1,0
2026-10-01T08:24:00Z,20.48,56.45,136.0,1,0
2026-10-01T08:25:00Z,21.23,57.16,123.0,1,0
2026-10-01T08:26:00Z,22.13,56.44,148.0,0,0
2026-10-01T08:27:00Z,21.56,55.68,120.0,0,0
2026-10-01T08:28:00Z,21.28,54.07,140.0,0,0
2026-10-01T08:29:00Z,21.6,55.58,109.0,0,0
2026-10-01T08:30:00Z,21.01,54.69,125.0,1,0
2026-10-01T08:31:00Z,21.41,53.67,129.0,0,0
2026-10-01T08:32:00Z,26.54,55.03,142.0,1,1
2026-10-01T08:33:00Z,26.5,54.6,142.0,1,1
2026-10-01T08:34:00Z,26.78,57.01,129.0,1,1
2026-10-01T08:35:00Z,21.67,56.99,138.0,0,0
2026-10-01T08:36:00Z,21.78,54.69,153.0,1,0
2026-10-01T08:37:00Z,21.39,55.61,149.0,1,0
2026-10-01T08:38:00Z,21.89,53.17,119.0,0,0
2026-10-01T08:39:00Z,22.12,55.17,113.0,1,0
2026-10-01T08:40:00Z,21.36,56.47,121.0,0,0
2026-10-01T08:41:00Z,21.4,57.07,132.0,0,0
2026-10-01T08:42:00Z,22.09,54.72,139.0,1,0
2026-10-01T08:43:00Z,21.65,57.32,132.0,1,0
2026-10-01T08:44:00Z,22.14,53.42,114.0,1,0
2026-10-01T08:45:00Z,21.61,53.78,131.0,0,0
2026-10-01T08:46:00Z,22.19,56.67,148.0,0,0
2026-10-01T08:47:00Z,21.81,58.07,132.0,0,0
2026-10-01T08:48:00Z,21.87,56.26,120.0,1,0
2026-10-01T08:49:00Z,22.28,55.42,119.0,0,0
2026-10-01T08:50:00Z,21.72,52.14,110.0,1,0
2026-10-01T08:51:00Z,21.56,52.36,131.0,1,0
2026-10-01T08:52:00Z,21.73,55.54,123.0,0,0
2026-10-01T08:53:00Z,22.01,54.77,118.0,0,0
2026-10-01T08:54:00Z,21.43,53.6,108.0,1,0
2026-10-01T08:55:00Z,22.1,55.32,103.0,0,0
2026-10-01T08:56:00Z,21.77,55.35,136.0,0,0
2026-10-01T08:57:00Z,22.29,56.55,142.0,1,0
2026-10-01T08:58:00Z,21.25,55.29,132.0,1,0
2026-10-01T08:59:00Z,21.75,56.89,143.0,0,0
2026-10-01T09:00:00Z,21.49,55.01,132.0,1,0
2026-10-01T09:01:00Z,21.77,54.78,121.0,0,0
2026-10-01T09:02:00Z,22.11,56.51,141.0,0,0
2026-10-01T09:03:00Z,22.0,53.4,119.0,0,0
2026-10-01T09:04:00Z,21.99,59.05,127.0,0,0
2026-10-01T09:05:00Z,22.04,55.34,142.0,0,0
2026-10-01T09:06:00Z,22.17,55.31,116.0,0,0
2026-10-01T09:07:00Z,21.82,55.48,132.0,1,0
2026-10-01T09:08:00Z,22.35,57.47,136.0,1,0
2026-10-01T09:09:00Z,22.36,55.8,116.0,0,0
2026-10-01T09:10:00Z,22.29,52.16,125.0,1,0
2026-10-01T09:11:00Z,22.36,56.63,141.0,1,0
2026-10-01T09:12:00Z,22.3,53.97,119.0,1,0
2026-10-01T09:13:00Z,22.84,54.59,149.0,0,0
2026-10-01T09:14:00Z,22.22,52.47,154.0,1,0
2026-10-01T09:15:00Z,22.17,55.14,142.0,0,0
2026-10-01T09:16:00Z,22.05,53.33,139.0,0,0
2026-10-01T09:17:00Z,21.99,54.41,106.0,0,0
2026-10-01T09:18:00Z,21.94,53.79,116.0,1,0
2026-10-01T09:19:00Z,22.06,57.06,135.0,0,0
2026-10-01T09:20:00Z,22.33,57.1,118.0,1,0
2026-10-01T09:21:00Z,22.47,54.15,138.0,0,0
2026-10-01T09:22:00Z,22.4,54.14,149.0,0,0
2026-10-01T09:23:00Z,22.17,53.44,121.0,1,0
2026-10-01T09:24:00Z,22.69,55.61,126.0,0,0
2026-10-01T09:25:00Z,22.66,53.42,155.0,0,0
2026-10-01T09:26:00Z,22.4,53.24,120.0,0,0
2026-10-01T09:27:00Z,22.27,55.29,112.0,0,0
2026-10-01T09:28:00Z,22.65,52.97,157.0,0,0
2026-10-01T09:29:00Z,22.56,53.68,144.0,0,0
2026-10-01T09:30:00Z,22.09,51.32,160.0,0,0
2026-10-01T09:31:00Z,22.52,54.71,120.0,1,0
2026-10-01T09:32:00Z,22.64,56.52,109.0,0,0
2026-10-01T09:33:00Z,22.3,54.65,113.0,0,0
2026-10-01T09:34:00Z,22.65,55.71,134.0,0,0
2026-10-01T09:35:00Z,22.17,52.21,101.0,0,0
2026-10-01T09:36:00Z,23.03,53.79,118.0,0,0
2026-10-01T09:37:00Z,23.02,51.98,102.0,0,0
2026-10-01T09:38:00Z,22.58,53.01,151.0,1,0
2026-10-01T09:39:00Z,22.79,54.46,142.0,1,0
2026-10-01T09:40:00Z,21.97,53.42,136.0,0,0
2026-10-01T09:41:00Z,22.36,51.1,105.0,1,0
2026-10-01T09:42:00Z,22.64,51.21,144.0,1,0
2026-10-01T09:43:00Z,22.42,51.06,122.0,1,0
2026-10-01T09:44:00Z,22.98,53.83,108.0,0,0
2026-10-01T09:45:00Z,23.38,56.14,131.0,0,0
2026-10-01T09:46:00Z,22.44,55.05,133.0,0,0
2026-10-01T09:47:00Z,22.56,50.12,121.0,1,0
2026-10-01T09:48:00Z,22.9,55.05,154.0,0,0
2026-10-01T09:49:00Z,23.33,54.28,129.0,1,0
2026-10-01T09:50:00Z,22.5,50.52,128.0,0,0
2026-10-01T09:51:00Z,22.96,52.34,130.0,0,0
2026-10-01T09:52:00Z,23.45,54.39,153.0,1,0
2026-10-01T09:53:00Z,22.42,53.53,105.0,0,0
2026-10-01T09:54:00Z,22.55,50.7,147.0,1,0
2026-10-01T09:55:00Z,22.82,53.54,118.0,0,0
2026-10-01T09:56:00Z,22.81,49.37,131.0,1,0
2026-10-01T09:57:00Z,23.23,52.2,144.0,0,0
2026-10-01T09:58:00Z,23.07,54.2,141.0,0,0
2026-10-01T09:59:00Z,22.49,52.48,118.0,0,0
2026-10-01T10:00:00Z,23.19,51.66,125.0,0,0
2026-10-01T10:01:00Z,22.88,53.7,145.0,1,0
2026-10-01T10:02:00Z,23.45,53.79,121.0,0,0
2026-10-01T10:03:00Z,22.9,54.25,147.0,0,0
2026-10-01T10:04:00Z,22.91,53.56,127.0,0,0
2026-10-01T10:05:00Z,23.28,53.82,142.0,1,0
2026-10-01T10:06:00Z,23.36,53.26,139.0,1,0
2026-10-01T10:07:00Z,23.29,52.52,135.0,1,0
2026-10-01T10:08:00Z,22.66,52.21,105.0,0,0
2026-10-01T10:09:00Z,23.35,51.68,135.0,0,0
2026-10-01T10:10:00Z,22.89,50.17,118.0,0,0
2026-10-01T10:11:00Z,23.29,50.52,128.0,0,0
2026-10-01T10:12:00Z,22.81,51.49,143.0,1,0
2026-10-01T10:13:00Z,23.39,52.23,140.0,0,0
2026-10-01T10:14:00Z,23.03,53.99,130.0,1,0
2026-10-01T10:15:00Z,22.9,51.72,132.0,1,0
2026-10-01T10:16:00Z,23.52,53.25,119.0,1,0
2026-10-01T10:17:00Z,23.39,53.32,141.0,1,0
2026-10-01T10:18:00Z,23.15,51.31,146.0,0,0
2026-10-01T10:19:00Z,23.79,52.51,133.0,0,0
2026-10-01T10:20:00Z,23.24,51.21,137.0,1,0
2026-10-01T10:21:00Z,23.39,53.52,114.0,1,0
2026-10-01T10:22:00Z,23.48,52.45,155.0,0,0
2026-10-01T10:23:00Z,23.23,49.67,102.0,1,0
2026-10-01T10:24:00Z,23.57,51.66,130.0,0,0
2026-10-01T10:25:00Z,23.29,53.85,162.0,0,0
2026-10-01T10:26:00Z,23.34,51.06,129.0,0,0
2026-10-01T10:27:00Z,23.89,51.97,104.0,0,0
2026-10-01T10:28:00Z,23.19,52.07,120.0,0,0
2026-10-01T10:29:00Z,22.79,49.66,130.0,0,0
2026-10-01T10:30:00Z,24.01,51.94,147.0,0,0
2026-10-01T10:31:00Z,24.31,49.04,132.0,0,0
2026-10-01T10:32:00Z,23.44,50.15,132.0,0,0
2026-10-01T10:33:00Z,23.0,52.67,149.0,0,0
2026-10-01T10:34:00Z,23.5,51.55,151.0,0,0
2026-10-01T10:35:00Z,23.53,50.52,143.0,1,0
2026-10-01T10:36:00Z,23.57,51.6,129.0,0,0
2026-10-01T10:37:00Z,23.31,50.8,119.0,0,0
2026-10-01T10:38:00Z,23.83,50.87,103.0,0,0
2026-10-01T10:39:00Z,23.83,51.8,116.0,0,0
2026-10-01T10:40:00Z,23.24,49.68,147.0,1,0
2026-10-01T10:41:00Z,23.92,50.79,107.0,1,0
2026-10-01T10:42:00Z,24.34,50.23,132.0,0,0
2026-10-01T10:43:00Z,23.79,48.28,127.0,0,0
2026-10-01T10:44:00Z,23.65,49.24,110.0,0,0
2026-10-01T10:45:00Z,23.73,52.93,135.0,0,0
2026-10-01T10:46:00Z,23.97,51.12,134.0,1,0
2026-10-01T10:47:00Z,23.28,48.51,144.0,0,0
2026-10-01T10:48:00Z,23.87,48.15,113.0,0,0
2026-10-01T10:49:00Z,23.71,50.25,144.0,0,0
2026-10-01T10:50:00Z,24.4,52.72,158.0,0,0
2026-10-01T10:51:00Z,23.81,50.06,137.0,1,0
2026-10-01T10:52:00Z,24.38,52.27,118.0,0,0
2026-10-01T10:53:00Z,23.56,50.79,136.0,0,0
2026-10-01T10:54:00Z,24.08,50.94,130.0,0,0
2026-10-01T10:55:00Z,24.02,48.19,114.0,0,0
2026-10-01T10:56:00Z,23.68,51.56,161.0,0,0
2026-10-01T10:57:00Z,24.01,49.61,145.0,0,0
2026-10-01T10:58:00Z,24.33,51.37,145.0,0,0
2026-10-01T10:59:00Z,23.89,48.82,138.0,0,0
2026-10-01T11:00:00Z,23.49,50.27,131.0,0,0
2026-10-01T11:01:00Z,24.01,50.49,146.0,0,0
2026-10-01T11:02:00Z,23.76,49.69,122.0,0,0
2026-10-01T11:03:00Z,23.94,50.49,113.0,0,0
2026-10-01T11:04:00Z,24.04,49.45,113.0,0,0
2026-10-01T11:05:00Z,23.56,48.84,135.0,1,0
2026-10-01T11:06:00Z,23.61,52.18,154.0,0,0
2026-10-01T11:07:00Z,24.25,51.31,117.0,0,0
2026-10-01T11:08:00Z,23.96,48.56,155.0,0,0
2026-10-01T11:09:00Z,23.37,50.52,126.0,0,0
2026-10-01T11:10:00Z,24.38,48.51,114.0,0,0
2026-10-01T11:11:00Z,24.25,47.81,148.0,0,0
2026-10-01T11:12:00Z,23.96,51.1,131.0,0,0
2026-10-01T11:13:00Z,23.8,46.96,137.0,0,0
2026-10-01T11:14:00Z,24.46,50.87,115.0,0,0
2026-10-01T11:15:00Z,24.33,49.07,116.0,0,0
2026-10-01T11:16:00Z,24.95,49.09,123.0,1,0
2026-10-01T11:17:00Z,24.38,49.99,133.0,1,0
2026-10-01T11:18:00Z,24.38,50.21,141.0,0,0
2026-10-01T11:19:00Z,24.23,48.06,134.0,0,0
2026-10-01T11:20:00Z,24.54,50.34,117.0,0,0
2026-10-01T11:21:00Z,24.5,49.4,122.0,1,0
2026-10-01T11:22:00Z,24.7,47.31,136.0,0,0
2026-10-01T11:23:00Z,24.18,48.9,149.0,0,0
2026-10-01T11:24:00Z,24.22,51.19,126.0,0,0
2026-10-01T11:25:00Z,24.22,51.6,127.0,0,0
2026-10-01T11:26:00Z,24.62,50.13,146.0,0,0
2026-10-01T11:27:00Z,24.84,47.23,147.0,0,0
2026-10-01T11:28:00Z,24.27,49.72,138.0,0,0
2026-10-01T11:29:00Z,24.29,50.22,155.0,0,0
2026-10-01T11:30:00Z,24.53,50.0,154.0,0,0
2026-10-01T11:31:00Z,24.38,50.06,138.0,1,0
2026-10-01T11:32:00Z,24.75,49.39,147.0,0,0
2026-10-01T11:33:00Z,23.8,48.7,114.0,1,0
2026-10-01T11:34:00Z,24.24,47.86,143.0,0,0
2026-10-01T11:35:00Z,24.27,45.89,139.0,0,0
2026-10-01T11:36:00Z,23.82,49.22,148.0,1,0
2026-10-01T11:37:00Z,24.24,48.95,131.0,1,0
2026-10-01T11:38:00Z,24.27,49.48,139.0,1,0
2026-10-01T11:39:00Z,24.5,46.6,125.0,1,0
2026-10-01T11:40:00Z,24.91,49.54,144.0,0,0
2026-10-01T11:41:00Z,24.51,51.62,132.0,1,0
2026-10-01T11:42:00Z,24.29,48.62,132.0,1,0
2026-10-01T11:43:00Z,24.59,48.38,143.0,0,0
2026-10-01T11:44:00Z,24.94,48.9,125.0,1,0
2026-10-01T11:45:00Z,24.34,51.46,109.0,0,0
2026-10-01T11:46:00Z,24.38,46.84,128.0,0,0
2026-10-01T11:47:00Z,24.83,48.65,138.0,0,1
2026-10-01T11:48:00Z,25.61,47.11,158.0,0,1
2026-10-01T11:49:00Z,26.88,47.46,151.0,1,1
2026-10-01T11:50:00Z,27.7,48.17,121.0,0,1
2026-10-01T11:51:00Z,28.93,50.23,145.0,0,1
2026-10-01T11:52:00Z,29.42,50.88,139.0,1,1
2026-10-01T11:53:00Z,30.74,48.82,103.0,0,1
2026-10-01T11:54:00Z,31.69,47.55,110.0,0,1
2026-10-01T11:55:00Z,32.4,51.82,122.0,0,1
2026-10-01T11:56:00Z,33.31,47.41,124.0,0,1
2026-10-01T11:57:00Z,35.0,47.17,98.0,1,1
2026-10-01T11:58:00Z,35.7,45.33,114.0,0,1
2026-10-01T11:59:00Z,36.51,50.05,109.0,0,1
2026-10-01T12:00:00Z,37.8,49.38,112.0,0,1
2026-10-01T12:01:00Z,39.18,51.52,115.0,1,1
2026-10-01T12:02:00Z,39.17,45.78,140.0,0,1
2026-10-01T12:03:00Z,40.42,50.02,145.0,0,1
2026-10-01T12:04:00Z,41.6,47.91,132.0,1,1
2026-10-01T12:05:00Z,43.33,48.99,132.0,0,1
2026-10-01T12:06:00Z,43.99,45.27,131.0,0,1
2026-10-01T12:07:00Z,25.14,49.92,115.0,0,0
2026-10-01T12:08:00Z,24.58,48.87,113.0,0,0
2026-10-01T12:09:00Z,24.6,47.6,113.0,1,0
2026-10-01T12:10:00Z,25.08,48.59,142.0,0,0
2026-10-01T12:11:00Z,24.98,46.45,125.0,0,0
2026-10-01T12:12:00Z,25.14,46.7,117.0,0,0
2026-10-01T12:13:00Z,24.93,46.84,132.0,0,0
2026-10-01T12:14:00Z,25.08,44.73,150.0,1,0
2026-10-01T12:15:00Z,25.05,48.77,107.0,0,0
2026-10-01T12:16:00Z,25.25,49.24,130.0,0,0
2026-10-01T12:17:00Z,25.27,46.37,136.0,0,0
2026-10-01T12:18:00Z,24.56,47.92,142.0,0,0
2026-10-01T12:19:00Z,24.38,46.97,157.0,0,0
2026-10-01T12:20:00Z,25.36,47.83,149.0,1,0
2026-10-01T12:21:00Z,25.43,46.37,130.0,0,0
2026-10-01T12:22:00Z,24.78,45.96,150.0,1,0
2026-10-01T12:23:00Z,24.54,48.83,149.0,0,0
2026-10-01T12:24:00Z,25.14,47.13,127.0,0,0
2026-10-01T12:25:00Z,25.4,50.23,157.0,0,0
2026-10-01T12:26:00Z,25.67,47.24,120.0,0,0
2026-10-01T12:27:00Z,25.3,45.76,131.0,1,0
2026-10-01T12:28:00Z,25.04,48.96,124.0,0,0
2026-10-01T12:29:00Z,24.89,48.04,131.0,0,0
2026-10-01T12:30:00Z,25.18,48.16,139.0,0,0
2026-10-01T12:31:00Z,25.09,48.83,111.0,0,0
2026-10-01T12:32:00Z,24.89,46.03,136.0,0,0
2026-10-01T12:33:00Z,25.82,46.8,134.0,0,0
2026-10-01T12:34:00Z,25.75,46.7,129.0,0,0
2026-10-01T12:35:00Z,25.57,45.0,123.0,0,0
2026-10-01T12:36:00Z,24.96,46.51,139.0,0,0
2026-10-01T12:37:00Z,25.5,48.89,138.0,1,0
2026-10-01T12:38:00Z,25.45,47.21,127.0,0,0
2026-10-01T12:39:00Z,25.4,44.81,146.0,1,0
2026-10-01T12:40:00Z,25.65,44.47,157.0,0,0
2026-10-01T12:41:00Z,25.48,49.28,126.0,0,0
2026-10-01T12:42:00Z,25.52,46.62,143.0,0,0
2026-10-01T12:43:00Z,25.5,45.76,126.0,0,0
2026-10-01T12:44:00Z,25.42,46.3,138.0,0,0
2026-10-01T12:45:00Z,24.79,44.47,123.0,1,0
2026-10-01T12:46:00Z,25.36,48.8,147.0,1,0
2026-10-01T12:47:00Z,25.18,46.05,130.0,0,0
2026-10-01T12:48:00Z,24.97,48.66,144.0,0,0
2026-10-01T12:49:00Z,25.87,46.67,92.0,0,0
2026-10-01T12:50:00Z,25.89,48.71,135.0,1,0
2026-10-01T12:51:00Z,25.79,46.93,127.0,0,0
2026-10-01T12:52:00Z,25.47,47.8,144.0,1,0
2026-10-01T12:53:00Z,25.81,47.58,135.0,1,0
2026-10-01T12:54:00Z,25.41,47.41,104.0,0,0
2026-10-01T12:55:00Z,25.48,46.97,139.0,1,0
2026-10-01T12:56:00Z,25.1,46.08,138.0,0,0
2026-10-01T12:57:00Z,25.56,49.28,110.0,0,0
2026-10-01T12:58:00Z,25.46,45.02,135.0,1,0
2026-10-01T12:59:00Z,25.06,46.37,109.0,1,0
2026-10-01T13:00:00Z,25.45,46.36,126.0,1,0
2026-10-01T13:01:00Z,25.45,46.92,125.0,1,0
2026-10-01T13:02:00Z,26.02,45.65,133.0,0,0
2026-10-01T13:03:00Z,25.76,46.75,133.0,0,0
2026-10-01T13:04:00Z,25.5,46.0,111.0,0,0
2026-10-01T13:05:00Z,25.58,43.86,124.0,0,0
2026-10-01T13:06:00Z,25.53,46.23,124.0,0,0
2026-10-01T13:07:00Z,25.46,44.54,144.0,1,0
2026-10-01T13:08:00Z,25.21,43.57,126.0,0,0
2026-10-01T13:09:00Z,25.49,46.36,121.0,1,0
2026-10-01T13:10:00Z,25.32,46.86,147.0,0,0
2026-10-01T13:11:00Z,25.18,46.9,120.0,1,0
2026-10-01T13:12:00Z,25.72,46.94,112.0,1,0
2026-10-01T13:13:00Z,25.69,43.17,118.0,0,0
2026-10-01T13:14:00Z,25.04,44.01,121.0,1,0
2026-10-01T13:15:00Z,25.55,48.99,124.0,0,0
2026-10-01T13:16:00Z,25.89,44.44,150.0,0,0
2026-10-01T13:17:00Z,25.92,46.91,135.0,0,0
2026-10-01T13:18:00Z,25.92,44.94,130.0,1,0
2026-10-01T13:19:00Z,25.63,46.07,128.0,0,0
2026-10-01T13:20:00Z,25.37,44.99,126.0,1,0
2026-10-01T13:21:00Z,25.31,46.76,121.0,0,0
2026-10-01T13:22:00Z,25.74,46.11,119.0,0,0
2026-10-01T13:23:00Z,25.76,45.21,113.0,0,0
2026-10-01T13:24:00Z,26.04,44.29,132.0,0,0
2026-10-01T13:25:00Z,25.99,46.25,122.0,0,0
2026-10-01T13:26:00Z,25.63,44.01,146.0,0,0
2026-10-01T13:27:00Z,25.3,46.45,103.0,1,0
2026-10-01T13:28:00Z,25.59,49.73,113.0,0,0
2026-10-01T13:29:00Z,25.75,47.8,136.0,0,0
2026-10-01T13:30:00Z,25.63,46.84,144.0,1,0
2026-10-01T13:31:00Z,25.53,45.62,140.0,0,0
2026-10-01T13:32:00Z,25.78,42.82,142.0,1,0
2026-10-01T13:33:00Z,25.56,43.73,132.0,0,0
2026-10-01T13:34:00Z,25.53,47.62,108.0,1,0
2026-10-01T13:35:00Z,25.82,44.5,126.0,0,0
2026-10-01T13:36:00Z,25.61,44.62,119.0,0,0
2026-10-01T13:37:00Z,25.81,45.4,112.0,1,0
2026-10-01T13:38:00Z,25.83,44.04,137.0,0,0
2026-10-01T13:39:00Z,25.41,43.78,144.0,0,0
2026-10-01T13:40:00Z,25.61,45.53,134.0,0,0
2026-10-01T13:41:00Z,26.2,44.25,136.0,1,0
2026-10-01T13:42:00Z,25.42,44.46,136.0,0,0
2026-10-01T13:43:00Z,25.14,44.39,143.0,0,0
2026-10-01T13:44:00Z,25.22,46.33,135.0,0,0
2026-10-01T13:45:00Z,25.8,45.18,126.0,0,0
2026-10-01T13:46:00Z,25.8,45.25,128.0,0,0
2026-10-01T13:47:00Z,25.76,46.4,133.0,0,0
2026-10-01T13:48:00Z,26.17,45.28,115.0,1,0
2026-10-01T13:49:00Z,25.01,45.06,130.0,0,0
2026-10-01T13:50:00Z,25.93,46.17,119.0,0,0
2026-10-01T13:51:00Z,26.29,46.45,146.0,0,0
2026-10-01T13:52:00Z,25.49,45.22,126.0,1,0
2026-10-01T13:53:00Z,25.72,45.55,131.0,0,0
2026-10-01T13:54:00Z,25.61,44.24,125.0,0,0
2026-10-01T13:55:00Z,25.57,44.11,112.0,0,0
2026-10-01T13:56:00Z,25.75,46.54,147.0,0,0
2026-10-01T13:57:00Z,26.28,46.04,127.0,0,0
2026-10-01T13:58:00Z,26.41,46.05,116.0,0,1
2026-10-01T13:59:00Z,25.66,45.77,121.0,1,1
2026-10-01T14:00:00Z,26.24,45.41,151.0,0,1
2026-10-01T14:01:00Z,25.58,46.37,133.0,1,1
2026-10-01T14:02:00Z,26.0,46.72,132.0,0,1
2026-10-01T14:03:00Z,25.35,46.67,122.0,1,1
2026-10-01T14:04:00Z,25.32,45.15,146.0,1,1
2026-10-01T14:05:00Z,25.3,47.37,137.0,0,1
2026-10-01T14:06:00Z,26.04,45.62,124.0,1,1
2026-10-01T14:07:00Z,20.25,46.21,115.0,1,1
2026-10-01T14:08:00Z,19.69,45.68,119.0,1,1
2026-10-01T14:09:00Z,20.09,45.62,105.0,1,1
2026-10-01T14:10:00Z,24.6,44.13,120.0,0,1
2026-10-01T14:11:00Z,24.46,46.28,141.0,0,1
2026-10-01T14:12:00Z,24.79,49.49,149.0,0,1
2026-10-01T14:13:00Z,24.43,44.65,142.0,0,1
2026-10-01T14:14:00Z,24.4,45.31,130.0,0,1
2026-10-01T14:15:00Z,24.23,44.52,154.0,1,1
2026-10-01T14:16:00Z,24.23,44.45,124.0,1,1
2026-10-01T14:17:00Z,24.16,47.49,123.0,1,1
2026-10-01T14:18:00Z,23.35,44.16,146.0,0,1
2026-10-01T14:19:00Z,24.04,44.45,157.0,0,1
2026-10-01T14:20:00Z,23.44,42.77,242.0,0,1
2026-10-01T14:21:00Z,23.21,44.01,291.0,0,1
2026-10-01T14:22:00Z,23.53,42.57,352.0,0,1
2026-10-01T14:23:00Z,23.47,46.08,394.0,0,1
2026-10-01T14:24:00Z,23.14,49.32,420.0,0,1
2026-10-01T14:25:00Z,23.5,44.57,462.0,0,1
2026-10-01T14:26:00Z,22.75,42.61,546.0,0,1
2026-10-01T14:27:00Z,22.94,46.45,582.0,0,1
2026-10-01T14:28:00Z,25.79,44.01,142.0,1,0
2026-10-01T14:29:00Z,25.95,47.04,109.0,0,0
2026-10-01T14:30:00Z,26.05,44.66,125.0,1,0
2026-10-01T14:31:00Z,25.67,44.13,122.0,1,0
2026-10-01T14:32:00Z,26.19,44.81,134.0,0,0
2026-10-01T14:33:00Z,25.99,46.21,131.0,0,0
2026-10-01T14:34:00Z,25.41,44.72,149.0,1,0
2026-10-01T14:35:00Z,25.39,44.31,120.0,1,0
2026-10-01T14:36:00Z,25.97,44.76,127.0,1,0
2026-10-01T14:37:00Z,25.91,43.14,113.0,0,0
2026-10-01T14:38:00Z,25.95,45.64,126.0,1,0
2026-10-01T14:39:00Z,25.97,42.36,131.0,0,0
2026-10-01T14:40:00Z,26.05,44.37,138.0,0,0
2026-10-01T14:41:00Z,26.27,46.17,127.0,0,0
2026-10-01T14:42:00Z,25.65,45.49,120.0,1,0
2026-10-01T14:43:00Z,25.64,45.91,127.0,0,0
2026-10-01T14:44:00Z,25.66,44.93,138.0,0,0
2026-10-01T14:45:00Z,26.08,46.78,120.0,0,0
2026-10-01T14:46:00Z,26.37,46.41,117.0,1,0
2026-10-01T14:47:00Z,25.86,45.69,139.0,0,0
2026-10-01T14:48:00Z,25.24,46.41,133.0,0,0
2026-10-01T14:49:00Z,25.48,46.14,130.0,0,0
2026-10-01T14:50:00Z,25.75,44.35,125.0,0,0
2026-10-01T14:51:00Z,25.83,42.99,128.0,0,0
2026-10-01T14:52:00Z,25.88,45.64,139.0,0,0
2026-10-01T14:53:00Z,26.01,45.82,117.0,0,0
2026-10-01T14:54:00Z,25.91,46.64,131.0,0,0
2026-10-01T14:55:00Z,26.31,43.6,160.0,0,0
2026-10-01T14:56:00Z,25.8,43.64,111.0,1,0
2026-10-01T14:57:00Z,25.74,45.69,136.0,1,0
2026-10-01T14:58:00Z,26.14,44.89,153.0,0,0
2026-10-01T14:59:00Z,25.54,42.17,102.0,0,0
2026-10-01T15:00:00Z,26.12,45.56,154.0,1,0
2026-10-01T15:01:00Z,26.03,42.22,148.0,0,0
2026-10-01T15:02:00Z,25.96,43.58,122.0,0,0
2026-10-01T15:03:00Z,26.48,47.03,146.0,0,0
2026-10-01T15:04:00Z,25.81,47.74,139.0,1,0
2026-10-01T15:05:00Z,26.62,43.18,110.0,0,0
2026-10-01T15:06:00Z,25.93,44.51,137.0,0,0
2026-10-01T15:07:00Z,25.62,45.07,153.0,1,0
2026-10-01T15:08:00Z,26.02,47.68,134.0,0,0
2026-10-01T15:09:00Z,25.67,44.27,127.0,0,0
2026-10-01T15:10:00Z,25.77,44.29,110.0,0,0
2026-10-01T15:11:00Z,26.11,47.33,148.0,0,0
2026-10-01T15:12:00Z,26.16,44.45,102.0,1,0
2026-10-01T15:13:00Z,25.81,46.1,109.0,1,0
2026-10-01T15:14:00Z,26.29,42.8,163.0,1,0
2026-10-01T15:15:00Z,26.34,44.76,143.0,1,0
2026-10-01T15:16:00Z,26.42,42.53,149.0,0,0
2026-10-01T15:17:00Z,26.15,43.44,126.0,1,0
2026-10-01T15:18:00Z,26.4,46.29,121.0,0,0
2026-10-01T15:19:00Z,25.42,44.96,144.0,1,0
2026-10-01T15:20:00Z,25.89,44.56,119.0,1,0
2026-10-01T15:21:00Z,25.72,43.92,133.0,1,0
2026-10-01T15:22:00Z,26.02,44.72,121.0,0,0
2026-10-01T15:23:00Z,25.81,45.5,123.0,0,0
2026-10-01T15:24:00Z,25.93,46.53,111.0,0,0
2026-10-01T15:25:00Z,26.54,41.12,112.0,1,0
2026-10-01T15:26:00Z,25.92,43.82,151.0,0,0
2026-10-01T15:27:00Z,26.1,45.31,129.0,0,0
2026-10-01T15:28:00Z,25.9,44.93,125.0,1,0
2026-10-01T15:29:00Z,25.99,45.69,131.0,1,0
2026-10-01T15:30:00Z,25.97,45.49,124.0,1,0
2026-10-01T15:31:00Z,26.1,44.63,118.0,1,0
2026-10-01T15:32:00Z,26.31,44.31,138.0,0,0
2026-10-01T15:33:00Z,26.45,44.74,141.0,0,0
2026-10-01T15:34:00Z,26.05,46.83,110.0,0,0
2026-10-01T15:35:00Z,26.13,44.02,133.0,0,0
2026-10-01T15:36:00Z,25.61,45.03,122.0,0,0
2026-10-01T15:37:00Z,25.92,45.41,116.0,0,0
2026-10-01T15:38:00Z,26.23,47.48,130.0,1,0
2026-10-01T15:39:00Z,26.2,44.69,118.0,0,0
2026-10-01T15:40:00Z,26.0,46.59,122.0,1,0
2026-10-01T15:41:00Z,26.2,47.01,158.0,1,0
2026-10-01T15:42:00Z,26.08,45.07,137.0,1,0
2026-10-01T15:43:00Z,26.29,44.86,137.0,0,0
2026-10-01T15:44:00Z,26.01,44.69,128.0,0,0
2026-10-01T15:45:00Z,25.82,44.81,119.0,0,0
2026-10-01T15:46:00Z,26.02,46.48,128.0,1,0
2026-10-01T15:47:00Z,25.04,45.56,117.0,0,0
2026-10-01T15:48:00Z,26.03,45.57,139.0,1,0
2026-10-01T15:49:00Z,24.81,43.54,129.0,0,0
2026-10-01T15:50:00Z,25.39,43.79,157.0,0,0
2026-10-01T15:51:00Z,26.04,48.46,142.0,0,0
2026-10-01T15:52:00Z,26.04,44.99,125.0,0,0
2026-10-01T15:53:00Z,25.54,44.1,135.0,0,0
2026-10-01T15:54:00Z,25.68,47.42,106.0,0,0
2026-10-01T15:55:00Z,26.3,45.71,130.0,1,0
2026-10-01T15:56:00Z,25.74,46.16,118.0,0,0
2026-10-01T15:57:00Z,26.55,45.1,117.0,1,0
2026-10-01T15:58:00Z,25.87,44.84,122.0,0,0
2026-10-01T15:59:00Z,25.99,45.08,128.0,0,0
2026-10-01T16:00:00Z,26.35,43.27,143.0,0,0
2026-10-01T16:01:00Z,25.9,45.22,140.0,0,0
2026-10-01T16:02:00Z,25.55,45.81,108.0,1,0
2026-10-01T16:03:00Z,25.82,48.15,101.0,0,0
2026-10-01T16:04:00Z,25.83,45.52,138.0,1,0
2026-10-01T16:05:00Z,25.43,41.9,116.0,0,0
2026-10-01T16:06:00Z,25.76,45.27,121.0,0,0
2026-10-01T16:07:00Z,25.61,49.53,123.0,0,0
2026-10-01T16:08:00Z,26.1,46.74,149.0,1,0
2026-10-01T16:09:00Z,25.83,44.23,122.0,1,0
2026-10-01T16:10:00Z,25.73,46.35,150.0,0,0
2026-10-01T16:11:00Z,25.78,44.36,126.0,1,0
2026-10-01T16:12:00Z,25.87,43.46,129.0,1,0
2026-10-01T16:13:00Z,25.98,44.98,122.0,0,0
2026-10-01T16:14:00Z,25.49,45.65,127.0,0,0
2026-10-01T16:15:00Z,25.48,42.72,118.0,1,0
2026-10-01T16:16:00Z,26.11,43.82,124.0,0,0
2026-10-01T16:17:00Z,25.65,45.57,152.0,0,0
2026-10-01T16:18:00Z,25.35,44.96,113.0,0,0
2026-10-01T16:19:00Z,25.9,46.18,127.0,1,0
2026-10-01T16:20:00Z,25.9,43.78,122.0,1,0
2026-10-01T16:21:00Z,25.29,46.69,138.0,1,0
2026-10-01T16:22:00Z,25.82,43.86,137.0,0,0
2026-10-01T16:23:00Z,25.96,48.11,150.0,0,0
2026-10-01T16:24:00Z,25.85,43.09,115.0,1,0
2026-10-01T16:25:00Z,25.92,44.04,144.0,1,0
2026-10-01T16:26:00Z,25.3,46.32,128.0,1,0
2026-10-01T16:27:00Z,25.81,48.21,129.0,1,0
2026-10-01T16:28:00Z,25.62,46.2,139.0,0,0
2026-10-01T16:29:00Z,25.56,46.59,134.0,1,0
2026-10-01T16:30:00Z,25.96,45.79,128.0,1,0
2026-10-01T16:31:00Z,26.13,44.24,148.0,0,0
2026-10-01T16:32:00Z,26.22,45.06,130.0,1,0
2026-10-01T16:33:00Z,26.07,43.99,139.0,1,0
2026-10-01T16:34:00Z,25.64,43.91,112.0,0,0
2026-10-01T16:35:00Z,25.77,46.45,125.0,1,0
2026-10-01T16:36:00Z,25.88,44.18,124.0,1,0
2026-10-01T16:37:00Z,25.68,46.36,126.0,0,0
2026-10-01T16:38:00Z,25.68,43.95,144.0,0,0
2026-10-01T16:39:00Z,25.88,46.36,153.0,1,0
2026-10-01T16:40:00Z,25.61,45.2,128.0,0,0
2026-10-01T16:41:00Z,25.4,48.07,135.0,1,0
2026-10-01T16:42:00Z,25.49,46.46,140.0,0,0
2026-10-01T16:43:00Z,25.79,47.85,152.0,0,0
2026-10-01T16:44:00Z,25.6,44.88,138.0,0,0
2026-10-01T16:45:00Z,25.69,46.12,140.0,1,0
2026-10-01T16:46:00Z,25.78,44.58,128.0,0,0
2026-10-01T16:47:00Z,25.46,45.45,138.0,0,0
2026-10-01T16:48:00Z,25.79,45.7,163.0,1,0
2026-10-01T16:49:00Z,25.67,45.02,122.0,0,0
2026-10-01T16:50:00Z,25.18,44.31,123.0,0,0
2026-10-01T16:51:00Z,25.97,44.03,167.0,0,0
2026-10-01T16:52:00Z,25.38,42.66,117.0,0,0
2026-10-01T16:53:00Z,25.03,44.61,121.0,0,0
2026-10-01T16:54:00Z,25.2,47.15,108.0,0,0
2026-10-01T16:55:00Z,25.2,43.83,137.0,0,0
2026-10-01T16:56:00Z,25.51,44.2,121.0,0,0
2026-10-01T16:57:00Z,25.41,48.96,129.0,0,0
2026-10-01T16:58:00Z,25.38,45.34,137.0,0,0
2026-10-01T16:59:00Z,25.66,46.8,142.0,0,0
2026-10-01T17:00:00Z,25.57,47.3,140.0,0,0
2026-10-01T17:01:00Z,25.55,47.36,145.0,0,0
2026-10-01T17:02:00Z,25.57,44.1,133.0,1,0
2026-10-01T17:03:00Z,25.62,46.06,132.0,0,0
2026-10-01T17:04:00Z,24.8,44.0,108.0,1,0
2026-10-01T17:05:00Z,25.31,50.12,126.0,1,0
2026-10-01T17:06:00Z,24.76,44.08,130.0,0,0
2026-10-01T17:07:00Z,25.41,44.92,127.0,0,0
2026-10-01T17:08:00Z,25.39,44.96,107.0,0,0
2026-10-01T17:09:00Z,25.7,44.3,135.0,1,0
2026-10-01T17:10:00Z,25.73,48.59,143.0,1,0
2026-10-01T17:11:00Z,25.42,50.22,130.0,1,0
2026-10-01T17:12:00Z,25.2,45.9,147.0,1,0
2026-10-01T17:13:00Z,25.49,44.66,136.0,1,0
2026-10-01T17:14:00Z,25.18,43.31,137.0,0,0
2026-10-01T17:15:00Z,25.33,46.32,152.0,0,1
2026-10-01T17:16:00Z,26.41,46.24,254.0,0,1
2026-10-01T17:17:00Z,26.74,45.76,374.0,0,1
2026-10-01T17:18:00Z,27.94,47.09,476.0,0,1
2026-10-01T17:19:00Z,28.69,47.38,631.0,0,1
2026-10-01T17:20:00Z,28.99,47.29,731.0,0,1
2026-10-01T17:21:00Z,30.36,46.36,858.0,0,1
2026-10-01T17:22:00Z,31.07,45.21,954.0,0,1
2026-10-01T17:23:00Z,31.68,47.88,1103.0,0,1
2026-10-01T17:24:00Z,32.21,46.93,1221.0,0,1
2026-10-01T17:25:00Z,32.97,48.27,1320.0,0,1
2026-10-01T17:26:00Z,33.85,48.15,1453.0,0,1
2026-10-01T17:27:00Z,25.37,44.85,114.0,0,0
2026-10-01T17:28:00Z,24.91,44.86,155.0,0,0
2026-10-01T17:29:00Z,25.32,45.91,141.0,0,0
2026-10-01T17:30:00Z,24.8,45.48,135.0,1,0
2026-10-01T17:31:00Z,25.1,48.23,122.0,1,0
2026-10-01T17:32:00Z,25.18,47.65,140.0,1,0
2026-10-01T17:33:00Z,25.87,48.8,123.0,0,0
2026-10-01T17:34:00Z,24.72,47.77,151.0,0,0
2026-10-01T17:35:00Z,25.56,47.51,113.0,1,0
2026-10-01T17:36:00Z,25.15,49.03,107.0,0,0
2026-10-01T17:37:00Z,25.22,47.96,132.0,1,0
2026-10-01T17:38:00Z,25.12,47.39,119.0,1,0
2026-10-01T17:39:00Z,25.21,49.53,129.0,1,0
2026-10-01T17:40:00Z,25.02,47.51,140.0,0,0
2026-10-01T17:41:00Z,25.49,46.91,107.0,0,0
2026-10-01T17:42:00Z,24.9,46.14,146.0,0,0
2026-10-01T17:43:00Z,25.37,48.48,146.0,1,0
2026-10-01T17:44:00Z,24.83,49.31,146.0,0,0
2026-10-01T17:45:00Z,24.99,47.41,139.0,0,0
2026-10-01T17:46:00Z,24.67,49.47,102.0,1,0
2026-10-01T17:47:00Z,25.12,44.58,113.0,0,0
2026-10-01T17:48:00Z,25.41,47.49,125.0,1,0
2026-10-01T17:49:00Z,24.94,47.54,130.0,1,0
2026-10-01T17:50:00Z,24.89,46.54,130.0,0,0
2026-10-01T17:51:00Z,24.6,51.23,123.0,1,0
2026-10-01T17:52:00Z,24.86,47.59,148.0,0,0
2026-10-01T17:53:00Z,24.44,47.1,122.0,0,0
2026-10-01T17:54:00Z,24.63,47.79,120.0,1,0
2026-10-01T17:55:00Z,24.96,44.77,133.0,1,0
2026-10-01T17:56:00Z,25.27,46.67,151.0,0,0
2026-10-01T17:57:00Z,25.71,49.31,134.0,0,0
2026-10-01T17:58:00Z,24.68,46.92,133.0,0,0
2026-10-01T17:59:00Z,25.27,46.65,138.0,1,0
2026-10-01T18:00:00Z,24.9,49.89,135.0,0,0
2026-10-01T18:01:00Z,24.77,49.97,125.0,0,0
2026-10-01T18:02:00Z,24.93,48.77,137.0,1,0
2026-10-01T18:03:00Z,24.81,47.34,119.0,0,0
2026-10-01T18:04:00Z,24.81,47.69,121.0,0,0
2026-10-01T18:05:00Z,24.64,46.88,153.0,0,0
2026-10-01T18:06:00Z,24.33,46.62,118.0,1,0
2026-10-01T18:07:00Z,24.28,46.58,121.0,0,0
2026-10-01T18:08:00Z,24.92,47.25,112.0,1,0
2026-10-01T18:09:00Z,24.63,46.66,141.0,0,0
2026-10-01T18:10:00Z,24.52,45.9,125.0,1,0
2026-10-01T18:11:00Z,24.69,48.61,133.0,1,0
2026-10-01T18:12:00Z,24.92,48.66,117.0,0,0
2026-10-01T18:13:00Z,24.72,50.89,123.0,1,0
2026-10-01T18:14:00Z,24.45,47.37,146.0,0,0
2026-10-01T18:15:00Z,25.01,48.85,145.0,1,0
2026-10-01T18:16:00Z,25.1,48.91,103.0,0,0
2026-10-01T18:17:00Z,24.76,48.09,134.0,1,0
2026-10-01T18:18:00Z,24.89,49.62,134.0,0,0
2026-10-01T18:19:00Z,24.96,49.7,153.0,0,0
2026-10-01T18:20:00Z,24.91,49.06,119.0,1,0
2026-10-01T18:21:00Z,24.74,48.22,108.0,1,0
2026-10-01T18:22:00Z,24.72,48.1,147.0,1,0
2026-10-01T18:23:00Z,24.69,46.62,133.0,0,0
2026-10-01T18:24:00Z,24.19,47.5,117.0,1,0
2026-10-01T18:25:00Z,24.71,47.81,141.0,1,0
2026-10-01T18:26:00Z,24.08,47.09,109.0,1,0
2026-10-01T18:27:00Z,24.24,49.47,112.0,0,0
2026-10-01T18:28:00Z,24.85,50.64,102.0,0,0
2026-10-01T18:29:00Z,24.7,47.52,133.0,0,0
2026-10-01T18:30:00Z,24.88,49.34,148.0,0,0
2026-10-01T18:31:00Z,24.34,47.4,141.0,0,0
2026-10-01T18:32:00Z,24.06,48.52,139.0,0,0
2026-10-01T18:33:00Z,24.32,47.98,122.0,0,0
2026-10-01T18:34:00Z,24.41,49.95,129.0,1,0
2026-10-01T18:35:00Z,24.39,48.07,155.0,0,0
2026-10-01T18:36:00Z,24.69,50.64,117.0,0,0
2026-10-01T18:37:00Z,24.23,48.79,146.0,0,0
2026-10-01T18:38:00Z,24.43,48.22,136.0,1,0
2026-10-01T18:39:00Z,24.01,47.35,141.0,1,0
2026-10-01T18:40:00Z,24.43,49.64,106.0,0,0
2026-10-01T18:41:00Z,24.28,50.64,134.0,0,0
2026-10-01T18:42:00Z,24.04,49.75,137.0,0,0
2026-10-01T18:43:00Z,24.18,52.73,145.0,0,0
2026-10-01T18:44:00Z,24.18,51.55,144.0,0,0
2026-10-01T18:45:00Z,24.14,48.98,127.0,1,0
2026-10-01T18:46:00Z,24.74,49.0,147.0,1,0
2026-10-01T18:47:00Z,24.16,50.22,137.0,1,0
2026-10-01T18:48:00Z,24.11,48.3,133.0,0,0
2026-10-01T18:49:00Z,23.53,51.34,121.0,0,0
2026-10-01T18:50:00Z,23.88,50.17,108.0,0,0
2026-10-01T18:51:00Z,24.06,50.05,110.0,0,0
2026-10-01T18:52:00Z,23.91,50.73,103.0,0,0
2026-10-01T18:53:00Z,24.52,52.32,157.0,0,0
2026-10-01T18:54:00Z,24.04,50.03,118.0,0,0
2026-10-01T18:55:00Z,24.46,49.64,131.0,0,0
2026-10-01T18:56:00Z,24.08,52.11,136.0,0,0
2026-10-01T18:57:00Z,24.06,51.34,126.0,1,0
2026-10-01T18:58:00Z,24.0,49.44,110.0,0,0
2026-10-01T18:59:00Z,24.02,49.97,121.0,1,0
2026-10-01T19:00:00Z,24.52,50.29,126.0,1,0
2026-10-01T19:01:00Z,23.29,50.58,144.0,0,0
2026-10-01T19:02:00Z,23.37,48.04,112.0,0,0
2026-10-01T19:03:00Z,23.79,47.8,143.0,1,0
2026-10-01T19:04:00Z,23.94,48.82,106.0,1,0
2026-10-01T19:05:00Z,24.13,48.74,140.0,0,0
2026-10-01T19:06:00Z,24.05,49.26,119.0,1,0
2026-10-01T19:07:00Z,23.78,51.22,120.0,1,0
2026-10-01T19:08:00Z,24.18,50.05,143.0,0,0
2026-10-01T19:09:00Z,24.17,50.64,136.0,0,0
2026-10-01T19:10:00Z,23.9,48.55,152.0,0,0
2026-10-01T19:11:00Z,24.12,49.73,141.0,0,0
2026-10-01T19:12:00Z,23.9,51.34,130.0,1,0
2026-10-01T19:13:00Z,23.63,51.39,139.0,1,0
2026-10-01T19:14:00Z,23.99,49.45,102.0,0,0
2026-10-01T19:15:00Z,23.8,50.82,140.0,0,0
2026-10-01T19:16:00Z,23.75,53.91,133.0,1,0
2026-10-01T19:17:00Z,24.18,50.63,108.0,1,0
2026-10-01T19:18:00Z,22.99,49.66,128.0,1,0
2026-10-01T19:19:00Z,23.28,50.47,103.0,1,0
2026-10-01T19:20:00Z,23.33,50.91,144.0,1,0
2026-10-01T19:21:00Z,23.57,50.59,119.0,1,0
2026-10-01T19:22:00Z,23.58,50.81,112.0,0,0
2026-10-01T19:23:00Z,23.19,48.73,151.0,1,0
2026-10-01T19:24:00Z,23.33,49.49,120.0,0,0
2026-10-01T19:25:00Z,23.35,50.75,124.0,0,0
2026-10-01T19:26:00Z,24.33,50.76,125.0,0,0
2026-10-01T19:27:00Z,24.12,50.2,147.0,0,0
2026-10-01T19:28:00Z,23.44,50.83,124.0,0,0
2026-10-01T19:29:00Z,23.44,51.22,148.0,1,0
2026-10-01T19:30:00Z,23.19,52.51,113.0,0,0
2026-10-01T19:31:00Z,22.94,51.06,151.0,1,0
2026-10-01T19:32:00Z,23.46,51.85,120.0,1,0
2026-10-01T19:33:00Z,23.18,50.48,140.0,1,0
2026-10-01T19:34:00Z,23.44,52.19,125.0,0,0
2026-10-01T19:35:00Z,22.97,51.94,146.0,1,0
2026-10-01T19:36:00Z,23.2,52.72,142.0,0,0
2026-10-01T19:37:00Z,23.46,52.53,123.0,0,0
2026-10-01T19:38:00Z,23.51,52.38,129.0,0,0
2026-10-01T19:39:00Z,23.51,51.39,133.0,1,0
2026-10-01T19:40:00Z,22.97,51.95,114.0,0,0
2026-10-01T19:41:00Z,23.61,53.22,121.0,0,0
2026-10-01T19:42:00Z,23.1,50.68,133.0,0,0
2026-10-01T19:43:00Z,23.51,50.76,134.0,0,0
2026-10-01T19:44:00Z,23.3,52.02,117.0,0,0
2026-10-01T19:45:00Z,22.87,52.41,156.0,0,0
2026-10-01T19:46:00Z,23.17,50.59,130.0,0,0
2026-10-01T19:47:00Z,23.36,51.76,141.0,1,0
2026-10-01T19:48:00Z,23.42,51.77,125.0,1,0
2026-10-01T19:49:00Z,23.18,48.63,122.0,1,0
2026-10-01T19:50:00Z,23.66,51.66,125.0,1,0
2026-10-01T19:51:00Z,23.49,51.8,139.0,1,0
2026-10-01T19:52:00Z,23.09,51.84,143.0,1,0
2026-10-01T19:53:00Z,23.38,54.24,137.0,0,0
2026-10-01T19:54:00Z,23.72,50.34,135.0,0,0
2026-10-01T19:55:00Z,23.71,50.96,137.0,0,0
2026-10-01T19:56:00Z,22.73,48.33,113.0,0,0
2026-10-01T19:57:00Z,22.81,51.56,117.0,0,0
2026-10-01T19:58:00Z,23.51,51.73,129.0,1,0
2026-10-01T19:59:00Z,22.73,51.6,135.0,0,0
2026-10-01T20:00:00Z,22.64,54.07,91.0,0,0
2026-10-01T20:01:00Z,22.87,53.74,124.0,0,0
2026-10-01T20:02:00Z,23.13,52.61,108.0,0,0
2026-10-01T20:03:00Z,22.95,51.98,114.0,0,0
2026-10-01T20:04:00Z,22.77,54.12,122.0,0,0
2026-10-01T20:05:00Z,22.75,52.59,112.0,0,0
2026-10-01T20:06:00Z,22.72,51.44,122.0,0,0
2026-10-01T20:07:00Z,22.65,50.13,100.0,1,0
2026-10-01T20:08:00Z,23.58,52.09,129.0,1,0
2026-10-01T20:09:00Z,22.97,53.92,119.0,0,0
2026-10-01T20:10:00Z,23.13,56.25,112.0,0,0
2026-10-01T20:11:00Z,22.7,52.97,121.0,0,0
2026-10-01T20:12:00Z,22.78,51.77,101.0,1,0
2026-10-01T20:13:00Z,22.6,51.19,108.0,0,0
2026-10-01T20:14:00Z,22.0,53.83,122.0,0,0
2026-10-01T20:15:00Z,22.37,50.4,95.0,0,0
2026-10-01T20:16:00Z,22.22,53.92,114.0,0,0
2026-10-01T20:17:00Z,22.07,54.36,114.0,0,0
2026-10-01T20:18:00Z,22.37,53.83,126.0,0,0
2026-10-01T20:19:00Z,23.11,52.89,97.0,0,0
2026-10-01T20:20:00Z,22.68,54.11,123.0,0,0
2026-10-01T20:21:00Z,23.06,53.56,106.0,0,0
2026-10-01T20:22:00Z,22.78,52.18,106.0,0,0
2026-10-01T20:23:00Z,22.88,56.17,100.0,1,0
2026-10-01T20:24:00Z,22.36,52.91,101.0,0,0
2026-10-01T20:25:00Z,22.77,54.64,113.0,0,0
2026-10-01T20:26:00Z,22.81,49.89,101.0,0,0
2026-10-01T20:27:00Z,22.4,55.48,116.0,0,0
2026-10-01T20:28:00Z,22.72,55.81,105.0,0,0
2026-10-01T20:29:00Z,22.71,53.7,100.0,0,0
2026-10-01T20:30:00Z,22.36,54.53,106.0,0,0
2026-10-01T20:31:00Z,22.17,54.58,113.0,0,0
2026-10-01T20:32:00Z,22.13,52.82,108.0,0,0
2026-10-01T20:33:00Z,22.5,54.65,110.0,0,0
2026-10-01T20:34:00Z,22.55,52.66,116.0,0,0
2026-10-01T20:35:00Z,22.2,53.0,119.0,0,0
2026-10-01T20:36:00Z,22.43,55.65,108.0,0,0
2026-10-01T20:37:00Z,22.57,55.46,102.0,0,0
2026-10-01T20:38:00Z,22.57,52.98,111.0,0,0
2026-10-01T20:39:00Z,22.83,52.98,114.0,1,0
2026-10-01T20:40:00Z,22.73,53.16,98.0,0,0
2026-10-01T20:41:00Z,22.03,55.27,103.0,0,0
2026-10-01T20:42:00Z,22.82,52.72,104.0,0,0
2026-10-01T20:43:00Z,22.14,54.79,108.0,0,0
2026-10-01T20:44:00Z,22.59,55.42,104.0,0,0
2026-10-01T20:45:00Z,22.28,54.21,116.0,0,0
2026-10-01T20:46:00Z,22.12,55.9,97.0,0,0
2026-10-01T20:47:00Z,21.68,53.98,97.0,0,0
2026-10-01T20:48:00Z,22.16,54.16,107.0,0,0
2026-10-01T20:49:00Z,21.72,53.05,109.0,0,0
2026-10-01T20:50:00Z,22.46,56.09,98.0,0,0
2026-10-01T20:51:00Z,22.61,53.46,105.0,0,0
2026-10-01T20:52:00Z,21.9,55.18,107.0,0,0
2026-10-01T20:53:00Z,22.21,54.59,107.0,0,0
2026-10-01T20:54:00Z,21.89,53.16,111.0,0,0
2026-10-01T20:55:00Z,21.9,53.87,105.0,0,0
2026-10-01T20:56:00Z,22.3,56.9,122.0,0,0
2026-10-01T20:57:00Z,22.04,55.17,114.0,0,0
2026-10-01T20:58:00Z,22.56,53.4,104.0,0,0
2026-10-01T20:59:00Z,21.87,55.41,111.0,0,0
2026-10-01T21:00:00Z,22.3,54.78,111.0,0,0
2026-10-01T21:01:00Z,22.01,60.22,120.0,0,0
2026-10-01T21:02:00Z,22.2,55.51,105.0,0,0
2026-10-01T21:03:00Z,21.81,54.56,116.0,0,0
2026-10-01T21:04:00Z,21.92,57.3,110.0,0,0
2026-10-01T21:05:00Z,21.88,52.46,122.0,0,0
2026-10-01T21:06:00Z,21.64,55.4,120.0,0,0
2026-10-01T21:07:00Z,22.08,58.3,112.0,0,0
2026-10-01T21:08:00Z,22.06,55.17,108.0,0,0
2026-10-01T21:09:00Z,22.02,52.79,114.0,0,0
2026-10-01T21:10:00Z,22.29,54.84,109.0,0,0
2026-10-01T21:11:00Z,22.24,57.66,123.0,0,0
2026-10-01T21:12:00Z,21.68,56.09,111.0,0,0
2026-10-01T21:13:00Z,21.89,54.31,107.0,0,0
2026-10-01T21:14:00Z,21.57,54.58,106.0,0,0
2026-10-01T21:15:00Z,21.75,54.81,100.0,0,0
2026-10-01T21:16:00Z,21.54,56.24,114.0,0,0
2026-10-01T21:17:00Z,22.19,57.75,103.0,0,0
2026-10-01T21:18:00Z,21.8,57.36,119.0,0,0
2026-10-01T21:19:00Z,21.6,56.51,100.0,0,0
2026-10-01T21:20:00Z,22.01,53.87,111.0,0,0
2026-10-01T21:21:00Z,20.98,53.92,119.0,0,0
2026-10-01T21:22:00Z,21.01,56.76,93.0,0,0
2026-10-01T21:23:00Z,21.84,53.98,126.0,0,0
2026-10-01T21:24:00Z,21.6,55.71,107.0,0,0
2026-10-01T21:25:00Z,21.64,56.54,111.0,0,0
2026-10-01T21:26:00Z,21.15,54.43,115.0,0,0
2026-10-01T21:27:00Z,21.52,54.64,116.0,0,0
2026-10-01T21:28:00Z,22.11,56.08,112.0,0,0
2026-10-01T21:29:00Z,21.74,57.02,118.0,0,0
2026-10-01T21:30:00Z,21.53,57.9,114.0,0,0
2026-10-01T21:31:00Z,21.33,57.26,124.0,0,0
2026-10-01T21:32:00Z,21.32,56.5,114.0,0,0
2026-10-01T21:33:00Z,20.79,55.32,126.0,0,0
2026-10-01T21:34:00Z,21.49,54.87,117.0,0,0
2026-10-01T21:35:00Z,21.65,55.75,96.0,0,0
2026-10-01T21:36:00Z,20.9,57.18,131.0,0,0
2026-10-01T21:37:00Z,21.16,57.11,105.0,0,0
2026-10-01T21:38:00Z,20.99,53.5,122.0,0,0
2026-10-01T21:39:00Z,21.03,55.51,110.0,0,0
2026-10-01T21:40:00Z,21.32,58.54,118.0,0,0
2026-10-01T21:41:00Z,20.66,56.9,104.0,0,0
2026-10-01T21:42:00Z,21.46,54.7,115.0,0,0
2026-10-01T21:43:00Z,21.48,60.4,108.0,0,0
2026-10-01T21:44:00Z,21.16,56.86,123.0,0,0
2026-10-01T21:45:00Z,20.48,57.53,114.0,0,0
2026-10-01T21:46:00Z,20.9,57.59,117.0,0,0
2026-10-01T21:47:00Z,21.56,56.49,93.0,0,0
2026-10-01T21:48:00Z,20.33,55.99,109.0,0,0
2026-10-01T21:49:00Z,21.05,60.3,113.0,0,0
2026-10-01T21:50:00Z,20.78,58.67,112.0,0,0
2026-10-01T21:51:00Z,21.36,58.44,118.0,0,0
2026-10-01T21:52:00Z,20.9,58.11,107.0,0,0
2026-10-01T21:53:00Z,21.2,55.79,110.0,0,0
2026-10-01T21:54:00Z,21.24,59.25,119.0,0,0
2026-10-01T21:55:00Z,21.6,56.11,92.0,0,0
2026-10-01T21:56:00Z,20.97,57.84,115.0,0,0
2026-10-01T21:57:00Z,21.13,55.0,107.0,0,0
2026-10-01T21:58:00Z,20.55,54.44,103.0,0,0
2026-10-01T21:59:00Z,21.34,58.02,113.0,0,0
2026-10-01T22:00:00Z,20.74,56.37,120.0,0,0
2026-10-01T22:01:00Z,20.78,54.65,118.0,0,0
2026-10-01T22:02:00Z,20.92,58.48,109.0,0,0
2026-10-01T22:03:00Z,20.45,60.89,117.0,0,0
2026-10-01T22:04:00Z,20.97,59.84,117.0,0,0
2026-10-01T22:05:00Z,21.17,57.41,109.0,1,0
2026-10-01T22:06:00Z,20.95,57.85,104.0,0,0
2026-10-01T22:07:00Z,20.37,59.21,105.0,0,0
2026-10-01T22:08:00Z,20.79,59.61,117.0,0,0
2026-10-01T22:09:00Z,21.04,57.45,110.0,0,0
2026-10-01T22:10:00Z,20.23,58.06,102.0,0,0
2026-10-01T22:11:00Z,20.46,58.5,97.0,0,0
2026-10-01T22:12:00Z,21.03,58.92,117.0,0,0
2026-10-01T22:13:00Z,20.83,57.93,106.0,0,0
2026-10-01T22:14:00Z,20.85,57.99,113.0,0,0
2026-10-01T22:15:00Z,21.27,60.28,120.0,0,0
2026-10-01T22:16:00Z,20.84,60.07,100.0,0,0
2026-10-01T22:17:00Z,20.88,59.01,110.0,0,0
2026-10-01T22:18:00Z,21.48,60.92,1609.0,0,1
2026-10-01T22:19:00Z,20.58,57.8,1613.0,0,1
2026-10-01T22:20:00Z,20.39,60.85,1620.0,0,1
2026-10-01T22:21:00Z,20.74,59.27,1599.0,0,1
2026-10-01T22:22:00Z,20.73,63.41,1615.0,0,1
2026-10-01T22:23:00Z,20.42,56.75,1618.0,0,1
2026-10-01T22:24:00Z,20.26,57.55,1609.0,0,1
2026-10-01T22:25:00Z,21.24,59.25,1609.0,0,1
2026-10-01T22:26:00Z,20.63,59.26,113.0,0,0
2026-10-01T22:27:00Z,20.3,61.63,113.0,0,0
2026-10-01T22:28:00Z,20.78,57.74,115.0,0,0
2026-10-01T22:29:00Z,20.45,60.14,114.0,0,0
2026-10-01T22:30:00Z,20.39,60.57,102.0,0,0
2026-10-01T22:31:00Z,20.62,59.92,118.0,0,0
2026-10-01T22:32:00Z,20.05,57.47,119.0,0,0
2026-10-01T22:33:00Z,20.53,61.06,111.0,0,0
2026-10-01T22:34:00Z,20.98,60.83,98.0,0,0
2026-10-01T22:35:00Z,20.53,59.93,109.0,0,0
2026-10-01T22:36:00Z,20.26,59.37,112.0,0,0
2026-10-01T22:37:00Z,20.2,59.45,101.0,0,0
2026-10-01T22:38:00Z,20.22,59.03,107.0,0,0
2026-10-01T22:39:00Z,20.25,60.15,99.0,0,0
2026-10-01T22:40:00Z,20.2,59.27,115.0,0,0
2026-10-01T22:41:00Z,20.57,57.99,111.0,0,0
2026-10-01T22:42:00Z,19.76,57.73,97.0,0,0
2026-10-01T22:43:00Z,20.52,58.22,113.0,0,0
2026-10-01T22:44:00Z,20.13,59.72,110.0,0,0
2026-10-01T22:45:00Z,20.34,59.38,114.0,0,0
2026-10-01T22:46:00Z,19.88,59.78,107.0,0,0
2026-10-01T22:47:00Z,20.6,60.25,104.0,0,0
2026-10-01T22:48:00Z,20.56,58.6,104.0,0,0
2026-10-01T22:49:00Z,20.46,61.78,106.0,0,0
2026-10-01T22:50:00Z,19.7,59.22,110.0,0,0
2026-10-01T22:51:00Z,20.39,59.01,111.0,0,0
2026-10-01T22:52:00Z,20.24,60.42,108.0,0,0
2026-10-01T22:53:00Z,19.63,56.98,107.0,0,0
2026-10-01T22:54:00Z,20.08,58.59,107.0,0,0
2026-10-01T22:55:00Z,20.19,61.28,130.0,0,0
2026-10-01T22:56:00Z,20.23,57.24,104.0,0,0
2026-10-01T22:57:00Z,20.1,61.56,106.0,0,0
2026-10-01T22:58:00Z,20.12,62.19,136.0,0,0
2026-10-01T22:59:00Z,20.46,59.41,113.0,0,0
2026-10-01T23:00:00Z,20.37,60.44,99.0,0,0
2026-10-01T23:01:00Z,19.12,61.72,117.0,0,0
2026-10-01T23:02:00Z,19.87,59.38,103.0,0,0
2026-10-01T23:03:00Z,19.91,61.41,117.0,0,0
2026-10-01T23:04:00Z,19.41,59.14,108.0,0,0
2026-10-01T23:05:00Z,19.95,59.47,106.0,0,0
2026-10-01T23:06:00Z,20.28,59.03,123.0,0,0
2026-10-01T23:07:00Z,19.57,60.78,115.0,0,0
2026-10-01T23:08:00Z,19.98,62.04,118.0,0,0
2026-10-01T23:09:00Z,19.59,60.06,113.0,0,0
2026-10-01T23:10:00Z,19.65,58.47,106.0,1,0
2026-10-01T23:11:00Z,20.28,58.79,115.0,0,0
2026-10-01T23:12:00Z,19.66,61.04,120.0,0,0
2026-10-01T23:13:00Z,19.95,63.25,111.0,0,0
2026-10-01T23:14:00Z,19.23,61.11,124.0,0,0
2026-10-01T23:15:00Z,20.34,59.98,117.0,0,0
2026-10-01T23:16:00Z,19.94,61.74,112.0,0,0
2026-10-01T23:17:00Z,19.69,60.27,112.0,0,0
2026-10-01T23:18:00Z,19.91,60.1,111.0,0,0
2026-10-01T23:19:00Z,19.3,59.26,100.0,0,0
2026-10-01T23:20:00Z,20.06,62.85,109.0,0,0
2026-10-01T23:21:00Z,19.59,56.96,112.0,0,0
2026-10-01T23:22:00Z,19.62,62.0,107.0,0,0
2026-10-01T23:23:00Z,19.52,60.15,113.0,0,0
2026-10-01T23:24:00Z,19.47,60.26,110.0,0,0
2026-10-01T23:25:00Z,19.84,63.45,116.0,0,0
2026-10-01T23:26:00Z,19.7,59.88,115.0,0,0
2026-10-01T23:27:00Z,19.8,59.96,111.0,0,0
2026-10-01T23:28:00Z,19.59,60.82,99.0,0,0
2026-10-01T23:29:00Z,19.73,61.67,124.0,0,0
2026-10-01T23:30:00Z,19.44,60.42,109.0,0,0
2026-10-01T23:31:00Z,20.22,58.76,109.0,0,0
2026-10-01T23:32:00Z,19.07,59.86,107.0,0,0
2026-10-01T23:33:00Z,19.9,63.11,106.0,0,0
2026-10-01T23:34:00Z,19.92,61.34,122.0,0,0
2026-10-01T23:35:00Z,19.24,61.94,121.0,0,0
2026-10-01T23:36:00Z,20.15,60.9,114.0,0,0
2026-10-01T23:37:00Z,19.77,60.34,109.0,0,0
2026-10-01T23:38:00Z,19.75,63.88,115.0,0,0
2026-10-01T23:39:00Z,19.45,61.11,111.0,0,0
2026-10-01T23:40:00Z,19.36,60.76,108.0,0,0
2026-10-01T23:41:00Z,19.35,63.11,113.0,0,0
2026-10-01T23:42:00Z,19.52,60.41,106.0,0,0
2026-10-01T23:43:00Z,19.81,60.64,112.0,0,0
2026-10-01T23:44:00Z,19.43,61.58,112.0,0,0
2026-10-01T23:45:00Z,19.09,61.59,115.0,0,0
2026-10-01T23:46:00Z,19.6,62.02,105.0,0,0
2026-10-01T23:47:00Z,19.61,64.8,116.0,0,0
2026-10-01T23:48:00Z,19.52,62.2,103.0,0,0
2026-10-01T23:49:00Z,19.53,58.16,105.0,0,0
2026-10-01T23:50:00Z,19.22,62.25,106.0,0,0
2026-10-01T23:51:00Z,19.01,61.84,101.0,0,0
2026-10-01T23:52:00Z,19.01,61.89,118.0,0,0
2026-10-01T23:53:00Z,18.77,62.22,102.0,0,0
2026-10-01T23:54:00Z,19.32,61.84,104.0,0,0
2026-10-01T23:55:00Z,19.21,61.84,120.0,0,0
2026-10-01T23:56:00Z,19.09,62.87,105.0,0,0
2026-10-01T23:57:00Z,18.32,61.16,108.0,0,0
2026-10-01T23:58:00Z,18.82,60.59,102.0,0,0
2026-10-01T23:59:00Z,19.52,66.58,117.0,0,0
2026-10-02T00:00:00Z,18.97,61.0,117.0,0,0
2026-10-02T00:01:00Z,19.27,62.25,116.0,0,0
2026-10-02T00:02:00Z,18.73,59.89,114.0,0,0
2026-10-02T00:03:00Z,19.57,62.34,111.0,0,0
2026-10-02T00:04:00Z,19.08,60.79,106.0,0,0
2026-10-02T00:05:00Z,19.2,61.56,103.0,0,0
2026-10-02T00:06:00Z,19.8,63.82,120.0,0,0
2026-10-02T00:07:00Z,19.54,62.99,116.0,0,0
2026-10-02T00:08:00Z,18.98,63.17,104.0,0,0
2026-10-02T00:09:00Z,18.88,59.69,110.0,0,0
2026-10-02T00:10:00Z,18.95,65.13,108.0,0,0
2026-10-02T00:11:00Z,19.19,60.61,101.0,0,0
2026-10-02T00:12:00Z,19.0,64.72,111.0,0,0
2026-10-02T00:13:00Z,18.9,63.99,107.0,0,0
2026-10-02T00:14:00Z,19.44,63.36,102.0,0,0
2026-10-02T00:15:00Z,18.96,61.24,98.0,0,0
2026-10-02T00:16:00Z,19.67,62.77,97.0,0,0
2026-10-02T00:17:00Z,19.0,61.87,107.0,0,0
2026-10-02T00:18:00Z,19.49,62.65,109.0,0,0
2026-10-02T00:19:00Z,19.05,62.26,103.0,0,0
2026-10-02T00:20:00Z,19.22,59.6,115.0,0,0
2026-10-02T00:21:00Z,18.71,64.37,109.0,0,0
2026-10-02T00:22:00Z,18.66,62.59,115.0,0,0
2026-10-02T00:23:00Z,19.04,62.02,109.0,0,0
2026-10-02T00:24:00Z,19.19,61.93,104.0,0,0
2026-10-02T00:25:00Z,18.89,63.34,111.0,0,0
2026-10-02T00:26:00Z,18.48,61.49,100.0,0,0
2026-10-02T00:27:00Z,18.45,59.47,114.0,0,0
2026-10-02T00:28:00Z,18.42,63.49,103.0,0,0
2026-10-02T00:29:00Z,18.31,63.69,117.0,0,0
2026-10-02T00:30:00Z,18.86,62.63,107.0,0,0
2026-10-02T00:31:00Z,19.15,61.24,119.0,0,0
2026-10-02T00:32:00Z,18.8,63.12,101.0,0,0
2026-10-02T00:33:00Z,18.12,60.82,105.0,0,0
2026-10-02T00:34:00Z,18.73,61.5,113.0,0,0
2026-10-02T00:35:00Z,18.73,61.94,119.0,0,0
2026-10-02T00:36:00Z,19.39,64.36,123.0,0,0
2026-10-02T00:37:00Z,18.32,62.57,110.0,0,0
2026-10-02T00:38:00Z,18.63,62.47,125.0,0,0
2026-10-02T00:39:00Z,19.25,66.1,108.0,0,0
2026-10-02T00:40:00Z,18.86,63.72,119.0,0,0
2026-10-02T00:41:00Z,18.88,63.72,102.0,0,0
2026-10-02T00:42:00Z,18.74,62.69,113.0,0,0
2026-10-02T00:43:00Z,18.79,62.37,91.0,0,0
2026-10-02T00:44:00Z,18.92,60.01,101.0,1,0
2026-10-02T00:45:00Z,18.43,64.77,114.0,0,0
2026-10-02T00:46:00Z,18.93,64.01,100.0,0,0
2026-10-02T00:47:00Z,18.24,63.09,113.0,0,0
2026-10-02T00:48:00Z,18.74,63.18,117.0,0,0
2026-10-02T00:49:00Z,18.69,64.51,106.0,0,0
2026-10-02T00:50:00Z,18.44,61.1,102.0,0,0
2026-10-02T00:51:00Z,18.61,62.57,106.0,1,0
2026-10-02T00:52:00Z,18.42,61.78,102.0,1,0
2026-10-02T00:53:00Z,18.28,66.16,109.0,0,0
2026-10-02T00:54:00Z,18.48,64.84,111.0,0,0
2026-10-02T00:55:00Z,18.25,60.25,108.0,0,0
2026-10-02T00:56:00Z,18.67,61.3,123.0,0,0
2026-10-02T00:57:00Z,18.22,63.4,104.0,0,0
2026-10-02T00:58:00Z,18.77,62.91,121.0,0,0
2026-10-02T00:59:00Z,18.19,61.65,102.0,0,0
2026-10-02T01:00:00Z,18.37,66.58,111.0,0,0
2026-10-02T01:01:00Z,18.34,64.15,119.0,1,0
2026-10-02T01:02:00Z,18.92,64.42,119.0,0,0
2026-10-02T01:03:00Z,18.61,62.69,107.0,0,0
2026-10-02T01:04:00Z,18.44,64.83,114.0,0,0
2026-10-02T01:05:00Z,18.64,63.2,113.0,0,0
2026-10-02T01:06:00Z,17.85,63.36,106.0,0,0
2026-10-02T01:07:00Z,18.46,64.73,115.0,0,1
2026-10-02T01:08:00Z,19.07,61.39,175.0,0,1
2026-10-02T01:09:00Z,18.5,66.25,214.0,0,1
2026-10-02T01:10:00Z,18.47,64.14,265.0,0,1
2026-10-02T01:11:00Z,18.61,65.81,315.0,0,1
2026-10-02T01:12:00Z,18.7,62.3,348.0,0,1
2026-10-02T01:13:00Z,17.83,62.55,414.0,0,1
2026-10-02T01:14:00Z,17.92,62.21,452.0,0,1
2026-10-02T01:15:00Z,18.48,64.34,505.0,0,1
2026-10-02T01:16:00Z,18.19,64.09,577.0,0,1
2026-10-02T01:17:00Z,18.79,63.31,108.0,0,0
2026-10-02T01:18:00Z,18.3,62.5,104.0,0,0
2026-10-02T01:19:00Z,17.8,62.14,119.0,0,0
2026-10-02T01:20:00Z,17.99,63.99,102.0,0,0
2026-10-02T01:21:00Z,17.54,63.38,106.0,0,0
2026-10-02T01:22:00Z,18.29,63.07,120.0,0,0
2026-10-02T01:23:00Z,18.3,66.44,110.0,0,0
2026-10-02T01:24:00Z,18.22,64.01,98.0,0,0
2026-10-02T01:25:00Z,18.66,66.06,114.0,0,0
2026-10-02T01:26:00Z,18.69,63.37,107.0,0,0
2026-10-02T01:27:00Z,18.27,64.56,122.0,0,0
2026-10-02T01:28:00Z,17.68,64.12,105.0,0,0
2026-10-02T01:29:00Z,18.5,61.68,118.0,0,0
2026-10-02T01:30:00Z,18.47,66.38,124.0,0,0
2026-10-02T01:31:00Z,18.39,64.05,103.0,0,0
2026-10-02T01:32:00Z,18.59,65.39,108.0,0,0
2026-10-02T01:33:00Z,17.94,63.16,113.0,0,0
2026-10-02T01:34:00Z,18.88,64.06,103.0,0,0
2026-10-02T01:35:00Z,17.98,63.02,112.0,0,0
2026-10-02T01:36:00Z,18.49,66.19,108.0,0,0
2026-10-02T01:37:00Z,17.75,64.82,108.0,0,0
2026-10-02T01:38:00Z,17.97,64.92,110.0,0,0
2026-10-02T01:39:00Z,18.7,66.42,111.0,0,0
2026-10-02T01:40:00Z,18.16,66.13,111.0,0,0
2026-10-02T01:41:00Z,18.49,65.56,105.0,0,0
2026-10-02T01:42:00Z,18.3,62.29,106.0,0,0
2026-10-02T01:43:00Z,18.19,93.4,109.0,0,1
2026-10-02T01:44:00Z,18.63,92.95,110.0,0,1
2026-10-02T01:45:00Z,18.14,65.56,106.0,0,0
2026-10-02T01:46:00Z,17.67,64.74,113.0,0,0
2026-10-02T01:47:00Z,17.96,62.41,95.0,0,0
2026-10-02T01:48:00Z,18.36,64.23,104.0,0,0
2026-10-02T01:49:00Z,18.31,62.28,108.0,0,0
2026-10-02T01:50:00Z,17.72,64.46,103.0,0,0
2026-10-02T01:51:00Z,17.96,62.07,123.0,0,0
2026-10-02T01:52:00Z,18.0,65.36,110.0,0,0
2026-10-02T01:53:00Z,18.06,65.14,111.0,0,0
2026-10-02T01:54:00Z,17.75,67.45,106.0,0,0
2026-10-02T01:55:00Z,17.97,65.87,110.0,1,0
2026-10-02T01:56:00Z,17.94,63.98,100.0,0,0
2026-10-02T01:57:00Z,18.38,65.85,109.0,0,0
2026-10-02T01:58:00Z,18.39,62.54,103.0,0,0
2026-10-02T01:59:00Z,18.1,63.2,108.0,0,0
2026-10-02T02:00:00Z,18.02,65.16,90.0,0,0
2026-10-02T02:01:00Z,18.17,61.43,101.0,0,0
2026-10-02T02:02:00Z,17.88,64.63,122.0,0,0
2026-10-02T02:03:00Z,17.78,63.16,117.0,0,0
2026-10-02T02:04:00Z,17.84,64.85,121.0,0,0
2026-10-02T02:05:00Z,17.92,63.1,121.0,0,0
2026-10-02T02:06:00Z,17.76,65.36,115.0,0,0
2026-10-02T02:07:00Z,18.16,64.76,106.0,0,0
2026-10-02T02:08:00Z,18.32,66.84,102.0,0,0
2026-10-02T02:09:00Z,17.62,64.76,119.0,0,0
2026-10-02T02:10:00Z,18.1,63.61,111.0,0,0
2026-10-02T02:11:00Z,18.03,64.4,130.0,0,0
2026-10-02T02:12:00Z,18.19,62.77,107.0,0,0
2026-10-02T02:13:00Z,18.08,65.4,126.0,0,0
2026-10-02T02:14:00Z,17.64,65.68,109.0,0,0
2026-10-02T02:15:00Z,17.7,68.51,121.0,0,0
2026-10-02T02:16:00Z,18.08,63.88,124.0,0,0
2026-10-02T02:17:00Z,18.38,64.42,102.0,0,0
2026-10-02T02:18:00Z,17.4,63.97,106.0,0,0
2026-10-02T02:19:00Z,18.17,65.16,102.0,0,0
2026-10-02T02:20:00Z,18.42,65.42,100.0,0,0
2026-10-02T02:21:00Z,18.01,64.78,115.0,0,0
2026-10-02T02:22:00Z,18.22,66.49,108.0,0,0
2026-10-02T02:23:00Z,17.84,63.94,110.0,0,0
2026-10-02T02:24:00Z,18.01,66.36,114.0,0,0
2026-10-02T02:25:00Z,17.56,65.69,95.0,0,0
2026-10-02T02:26:00Z,17.34,64.87,120.0,0,0
2026-10-02T02:27:00Z,18.32,64.42,107.0,0,0
2026-10-02T02:28:00Z,17.74,68.54,114.0,0,0
2026-10-02T02:29:00Z,17.9,63.68,115.0,1,0
2026-10-02T02:30:00Z,17.62,65.36,121.0,0,0
2026-10-02T02:31:00Z,17.61,63.79,109.0,0,0
2026-10-02T02:32:00Z,17.98,67.6,93.0,0,0
2026-10-02T02:33:00Z,17.81,66.26,110.0,0,0
2026-10-02T02:34:00Z,18.14,63.92,112.0,0,0
2026-10-02T02:35:00Z,18.16,65.71,102.0,0,0
2026-10-02T02:36:00Z,18.12,65.33,111.0,0,0
2026-10-02T02:37:00Z,18.09,64.17,107.0,0,0
2026-10-02T02:38:00Z,18.49,66.09,99.0,0,0
2026-10-02T02:39:00Z,17.7,65.54,115.0,0,0
2026-10-02T02:40:00Z,18.0,65.29,105.0,0,0
2026-10-02T02:41:00Z,18.35,64.9,107.0,0,0
2026-10-02T02:42:00Z,18.39,65.62,106.0,0,0
2026-10-02T02:43:00Z,17.58,65.32,120.0,0,0
2026-10-02T02:44:00Z,17.92,65.06,110.0,0,0
2026-10-02T02:45:00Z,18.42,64.02,111.0,1,0
2026-10-02T02:46:00Z,18.16,67.52,106.0,0,0
2026-10-02T02:47:00Z,18.07,63.41,114.0,0,0
2026-10-02T02:48:00Z,17.94,65.63,121.0,0,0
2026-10-02T02:49:00Z,17.89,64.51,115.0,0,0
2026-10-02T02:50:00Z,18.09,67.63,115.0,0,0
2026-10-02T02:51:00Z,17.93,63.64,115.0,0,0
2026-10-02T02:52:00Z,17.99,63.89,99.0,0,0
2026-10-02T02:53:00Z,18.03,63.54,103.0,0,0
2026-10-02T02:54:00Z,17.8,65.48,108.0,0,0
2026-10-02T02:55:00Z,18.16,62.94,104.0,0,0
2026-10-02T02:56:00Z,18.87,64.28,101.0,0,0
2026-10-02T02:57:00Z,17.47,61.77,95.0,0,0
2026-10-02T02:58:00Z,18.1,65.36,99.0,0,0
2026-10-02T02:59:00Z,17.77,64.25,108.0,0,0
2026-10-02T03:00:00Z,18.17,62.77,109.0,0,0
2026-10-02T03:01:00Z,18.01,66.63,104.0,0,0
2026-10-02T03:02:00Z,18.23,63.04,111.0,0,0
2026-10-02T03:03:00Z,18.35,66.19,107.0,0,0
2026-10-02T03:04:00Z,18.06,63.95,119.0,0,0
2026-10-02T03:05:00Z,18.34,67.4,109.0,0,0
2026-10-02T03:06:00Z,17.3,66.12,116.0,0,0
2026-10-02T03:07:00Z,18.48,63.48,112.0,0,0
2026-10-02T03:08:00Z,18.11,63.62,99.0,0,0
2026-10-02T03:09:00Z,18.33,65.9,109.0,0,0
2026-10-02T03:10:00Z,17.64,64.6,100.0,0,0
2026-10-02T03:11:00Z,17.76,64.73,109.0,0,0
2026-10-02T03:12:00Z,18.05,66.89,104.0,0,0
2026-10-02T03:13:00Z,18.0,63.86,113.0,0,0
2026-10-02T03:14:00Z,18.09,65.12,99.0,0,0
2026-10-02T03:15:00Z,18.33,66.41,110.0,0,0
2026-10-02T03:16:00Z,17.48,66.19,115.0,0,0
2026-10-02T03:17:00Z,18.3,64.73,117.0,0,0
2026-10-02T03:18:00Z,18.01,64.54,104.0,0,0
2026-10-02T03:19:00Z,17.95,62.36,110.0,0,0
2026-10-02T03:20:00Z,17.57,63.38,111.0,0,0
2026-10-02T03:21:00Z,18.17,65.44,122.0,0,0
2026-10-02T03:22:00Z,17.29,64.75,98.0,0,0
2026-10-02T03:23:00Z,18.21,65.06,103.0,0,0
2026-10-02T03:24:00Z,17.57,66.5,132.0,0,0
2026-10-02T03:25:00Z,18.04,63.16,108.0,0,0
2026-10-02T03:26:00Z,17.99,64.58,95.0,0,0
2026-10-02T03:27:00Z,18.38,65.21,105.0,0,0
2026-10-02T03:28:00Z,17.98,63.87,88.0,0,0
2026-10-02T03:29:00Z,17.82,67.07,112.0,0,0
2026-10-02T03:30:00Z,17.88,66.28,116.0,0,0
2026-10-02T03:31:00Z,18.42,65.34,103.0,0,0
2026-10-02T03:32:00Z,18.2,67.59,106.0,0,0
2026-10-02T03:33:00Z,17.93,62.65,117.0,0,0
2026-10-02T03:34:00Z,17.97,64.88,96.0,0,0
2026-10-02T03:35:00Z,17.58,65.43,99.0,0,0
2026-10-02T03:36:00Z,18.17,63.51,108.0,0,0
2026-10-02T03:37:00Z,17.52,65.32,104.0,0,0
2026-10-02T03:38:00Z,18.28,63.2,108.0,0,0
2026-10-02T03:39:00Z,18.1,65.89,100.0,0,0
2026-10-02T03:40:00Z,18.78,66.43,112.0,0,0
2026-10-02T03:41:00Z,17.73,65.25,109.0,0,0
2026-10-02T03:42:00Z,18.04,62.05,114.0,0,0
2026-10-02T03:43:00Z,18.61,63.37,112.0,0,0
2026-10-02T03:44:00Z,18.43,65.66,112.0,0,0
2026-10-02T03:45:00Z,17.87,64.84,98.0,0,0
2026-10-02T03:46:00Z,18.15,60.76,114.0,0,0
2026-10-02T03:47:00Z,18.08,66.65,107.0,0,0
2026-10-02T03:48:00Z,18.17,64.99,109.0,0,0
2026-10-02T03:49:00Z,17.88,63.54,118.0,0,0
2026-10-02T03:50:00Z,18.07,66.26,104.0,0,0
2026-10-02T03:51:00Z,17.62,63.74,121.0,0,0
2026-10-02T03:52:00Z,18.14,63.71,122.0,0,0
2026-10-02T03:53:00Z,18.24,65.27,116.0,0,0
2026-10-02T03:54:00Z,18.04,67.4,102.0,0,0
2026-10-02T03:55:00Z,17.63,67.15,93.0,0,0
2026-10-02T03:56:00Z,18.42,65.24,119.0,0,0
2026-10-02T03:57:00Z,18.23,65.39,111.0,0,0
2026-10-02T03:58:00Z,17.91,65.87,104.0,0,0
2026-10-02T03:59:00Z,18.05,62.78,119.0,0,0
2026-10-02T04:00:00Z,17.69,65.63,103.0,0,0
2026-10-02T04:01:00Z,17.83,63.55,107.0,0,0
2026-10-02T04:02:00Z,17.98,65.11,114.0,0,0
2026-10-02T04:03:00Z,18.52,64.28,101.0,0,0
2026-10-02T04:04:00Z,17.96,65.36,109.0,0,0
2026-10-02T04:05:00Z,18.35,64.78,119.0,0,0
2026-10-02T04:06:00Z,18.0,59.98,112.0,0,0
2026-10-02T04:07:00Z,18.24,64.84,120.0,0,0
2026-10-02T04:08:00Z,18.13,65.53,119.0,0,0
2026-10-02T04:09:00Z,18.44,65.22,110.0,0,0
2026-10-02T04:10:00Z,18.02,64.38,91.0,0,0
2026-10-02T04:11:00Z,17.72,66.99,101.0,0,0
2026-10-02T04:12:00Z,17.78,64.98,116.0,0,0
2026-10-02T04:13:00Z,18.04,65.15,98.0,0,0
2026-10-02T04:14:00Z,17.83,66.05,107.0,0,0
2026-10-02T04:15:00Z,18.34,65.01,113.0,0,0
2026-10-02T04:16:00Z,18.08,63.11,122.0,0,0
2026-10-02T04:17:00Z,18.94,60.78,105.0,0,0
2026-10-02T04:18:00Z,17.71,63.71,105.0,0,0
2026-10-02T04:19:00Z,18.3,65.55,110.0,0,0
2026-10-02T04:20:00Z,17.9,63.87,113.0,0,0
2026-10-02T04:21:00Z,18.1,65.58,109.0,0,0
2026-10-02T04:22:00Z,18.3,64.59,118.0,0,0
2026-10-02T04:23:00Z,17.56,66.28,104.0,0,0
2026-10-02T04:24:00Z,18.34,63.89,111.0,0,0
2026-10-02T04:25:00Z,18.84,65.02,114.0,0,0
2026-10-02T04:26:00Z,18.14,65.06,107.0,0,0
2026-10-02T04:27:00Z,18.36,66.54,117.0,0,0
2026-10-02T04:28:00Z,18.6,61.71,111.0,0,0
2026-10-02T04:29:00Z,18.25,63.57,116.0,0,0
2026-10-02T04:30:00Z,18.13,65.51,112.0,0,0
2026-10-02T04:31:00Z,17.63,66.54,113.0,0,0
2026-10-02T04:32:00Z,18.51,64.57,105.0,0,0
2026-10-02T04:33:00Z,18.29,63.75,105.0,0,0
2026-10-02T04:34:00Z,18.03,65.31,120.0,0,0
2026-10-02T04:35:00Z,18.38,65.46,115.0,0,0
2026-10-02T04:36:00Z,18.17,63.6,102.0,0,0
2026-10-02T04:37:00Z,18.19,64.61,111.0,0,0
2026-10-02T04:38:00Z,18.54,65.87,91.0,0,0
2026-10-02T04:39:00Z,17.97,66.92,105.0,0,0
2026-10-02T04:40:00Z,18.69,65.18,118.0,0,0
2026-10-02T04:41:00Z,17.96,64.11,109.0,0,0
2026-10-02T04:42:00Z,18.19,63.94,111.0,0,0
2026-10-02T04:43:00Z,18.97,64.84,86.0,0,0
2026-10-02T04:44:00Z,18.74,63.81,107.0,0,0
2026-10-02T04:45:00Z,18.44,64.25,113.0,0,0
2026-10-02T04:46:00Z,18.14,62.36,114.0,0,0
2026-10-02T04:47:00Z,18.27,65.88,118.0,0,0
2026-10-02T04:48:00Z,18.46,62.2,108.0,0,0
2026-10-02T04:49:00Z,18.46,63.24,109.0,0,0
2026-10-02T04:50:00Z,18.42,64.02,99.0,0,0
2026-10-02T04:51:00Z,18.45,66.84,108.0,0,0
2026-10-02T04:52:00Z,18.4,63.2,100.0,0,0
2026-10-02T04:53:00Z,18.04,62.81,95.0,0,0
2026-10-02T04:54:00Z,18.33,62.96,101.0,0,0
2026-10-02T04:55:00Z,18.77,66.26,122.0,0,0
2026-10-02T04:56:00Z,18.09,59.53,108.0,0,0
2026-10-02T04:57:00Z,18.45,62.22,112.0,0,0
2026-10-02T04:58:00Z,18.27,67.8,106.0,0,0
2026-10-02T04:59:00Z,18.56,64.57,96.0,1,0
2026-10-02T05:00:00Z,18.42,62.0,117.0,0,0
2026-10-02T05:01:00Z,18.99,63.58,93.0,0,0
2026-10-02T05:02:00Z,18.71,63.72,106.0,0,0
2026-10-02T05:03:00Z,18.17,64.86,110.0,0,0
2026-10-02T05:04:00Z,18.77,66.33,112.0,0,0
2026-10-02T05:05:00Z,18.35,64.13,104.0,0,0
2026-10-02T05:06:00Z,18.42,62.72,95.0,0,0
2026-10-02T05:07:00Z,18.69,64.68,104.0,0,0
2026-10-02T05:08:00Z,18.46,62.43,104.0,0,0
2026-10-02T05:09:00Z,18.88,61.91,104.0,0,0
2026-10-02T05:10:00Z,18.39,60.79,118.0,0,0
2026-10-02T05:11:00Z,18.45,61.06,100.0,0,0
2026-10-02T05:12:00Z,13.45,62.04,112.0,1,1
2026-10-02T05:13:00Z,13.49,61.6,111.0,1,1
2026-10-02T05:14:00Z,13.99,63.81,118.0,1,1
2026-10-02T05:15:00Z,18.86,61.52,109.0,0,0
2026-10-02T05:16:00Z,19.2,58.57,116.0,0,0
2026-10-02T05:17:00Z,19.37,61.7,109.0,0,0
2026-10-02T05:18:00Z,18.39,62.53,113.0,0,0
2026-10-02T05:19:00Z,18.73,62.31,98.0,0,0
2026-10-02T05:20:00Z,18.37,65.47,89.0,0,0
2026-10-02T05:21:00Z,18.5,62.25,113.0,0,0
2026-10-02T05:22:00Z,18.55,64.46,113.0,0,0
2026-10-02T05:23:00Z,18.44,63.09,114.0,0,0
2026-10-02T05:24:00Z,18.45,63.03,106.0,0,0
2026-10-02T05:25:00Z,18.73,61.81,122.0,0,0
2026-10-02T05:26:00Z,18.42,62.95,106.0,0,0
2026-10-02T05:27:00Z,19.05,61.86,113.0,0,0
2026-10-02T05:28:00Z,18.53,63.24,115.0,0,0
2026-10-02T05:29:00Z,19.66,62.61,124.0,0,0
2026-10-02T05:30:00Z,18.69,61.52,107.0,0,0
2026-10-02T05:31:00Z,18.86,64.39,105.0,0,0
2026-10-02T05:32:00Z,18.46,63.52,98.0,0,0
2026-10-02T05:33:00Z,19.37,62.18,122.0,0,0
2026-10-02T05:34:00Z,19.21,63.04,113.0,0,0
2026-10-02T05:35:00Z,18.97,62.67,114.0,0,0
2026-10-02T05:36:00Z,18.49,61.47,135.0,0,0
2026-10-02T05:37:00Z,18.97,62.85,113.0,0,0
2026-10-02T05:38:00Z,18.58,61.78,100.0,0,0
2026-10-02T05:39:00Z,19.36,61.27,108.0,0,0
2026-10-02T05:40:00Z,19.18,60.23,102.0,0,0
2026-10-02T05:41:00Z,18.98,62.09,107.0,0,0
2026-10-02T05:42:00Z,18.23,63.45,107.0,0,0
2026-10-02T05:43:00Z,18.67,61.53,105.0,0,0
2026-10-02T05:44:00Z,19.19,66.33,99.0,0,0
2026-10-02T05:45:00Z,19.36,63.85,123.0,0,0
2026-10-02T05:46:00Z,19.34,64.45,112.0,0,0
2026-10-02T05:47:00Z,18.54,63.65,108.0,0,0
2026-10-02T05:48:00Z,19.12,65.21,116.0,0,0
2026-10-02T05:49:00Z,19.34,61.22,114.0,0,0
2026-10-02T05:50:00Z,18.55,58.53,112.0,0,0
2026-10-02T05:51:00Z,19.06,61.67,115.0,0,0
2026-10-02T05:52:00Z,19.16,63.15,111.0,0,0
2026-10-02T05:53:00Z,19.0,62.51,115.0,0,0
2026-10-02T05:54:00Z,18.54,62.67,116.0,0,0
2026-10-02T05:55:00Z,19.01,64.21,111.0,0,0
2026-10-02T05:56:00Z,19.02,62.77,108.0,0,0
2026-10-02T05:57:00Z,19.09,63.36,122.0,0,0
2026-10-02T05:58:00Z,18.98,60.72,106.0,0,0
2026-10-02T05:59:00Z,19.03,60.46,113.0,0,0
2026-10-02T06:00:00Z,19.16,64.49,113.0,0,0
2026-10-02T06:01:00Z,19.32,62.19,105.0,0,0
2026-10-02T06:02:00Z,19.11,61.07,104.0,0,0
2026-10-02T06:03:00Z,19.09,61.05,107.0,0,0
2026-10-02T06:04:00Z,19.25,60.97,106.0,0,0
2026-10-02T06:05:00Z,18.66,60.85,98.0,0,0
2026-10-02T06:06:00Z,19.39,59.96,105.0,0,0
2026-10-02T06:07:00Z,19.26,59.6,112.0,0,0
2026-10-02T06:08:00Z,19.28,61.53,120.0,0,0
2026-10-02T06:09:00Z,19.57,60.9,114.0,0,0
2026-10-02T06:10:00Z,18.71,63.42,89.0,0,0
2026-10-02T06:11:00Z,18.72,62.16,115.0,0,0
2026-10-02T06:12:00Z,19.41,62.09,106.0,0,0
2026-10-02T06:13:00Z,19.33,60.54,114.0,0,0
2026-10-02T06:14:00Z,19.4,61.44,110.0,0,0
2026-10-02T06:15:00Z,19.22,62.13,108.0,0,0
2026-10-02T06:16:00Z,19.58,62.63,109.0,0,0
2026-10-02T06:17:00Z,19.67,61.39,110.0,0,0
2026-10-02T06:18:00Z,19.55,63.11,121.0,0,0
2026-10-02T06:19:00Z,19.34,61.47,110.0,0,0
2026-10-02T06:20:00Z,18.8,62.62,119.0,0,0
2026-10-02T06:21:00Z,19.67,60.66,118.0,0,0
2026-10-02T06:22:00Z,19.82,58.64,115.0,0,0
2026-10-02T06:23:00Z,19.66,61.73,96.0,0,0
2026-10-02T06:24:00Z,19.22,62.38,119.0,0,0
2026-10-02T06:25:00Z,19.7,62.12,106.0,1,0
2026-10-02T06:26:00Z,19.77,61.86,116.0,0,0
2026-10-02T06:27:00Z,19.99,60.67,102.0,0,0
2026-10-02T06:28:00Z,19.27,59.95,101.0,0,0
2026-10-02T06:29:00Z,19.48,61.95,126.0,0,0
2026-10-02T06:30:00Z,19.79,61.73,102.0,0,0
2026-10-02T06:31:00Z,19.6,60.21,119.0,0,0
2026-10-02T06:32:00Z,19.26,62.68,111.0,0,0
2026-10-02T06:33:00Z,19.73,59.66,107.0,0,1
2026-10-02T06:34:00Z,20.79,60.07,110.0,0,1
2026-10-02T06:35:00Z,21.66,63.37,100.0,0,1
2026-10-02T06:36:00Z,22.71,62.18,110.0,0,1
2026-10-02T06:37:00Z,23.59,60.31,101.0,0,1
2026-10-02T06:38:00Z,25.12,61.24,107.0,0,1
2026-10-02T06:39:00Z,25.42,61.0,117.0,0,1
2026-10-02T06:40:00Z,26.53,56.62,112.0,0,1
2026-10-02T06:41:00Z,27.72,59.34,98.0,0,1
2026-10-02T06:42:00Z,29.0,60.59,117.0,0,1
2026-10-02T06:43:00Z,29.3,60.09,110.0,0,1
2026-10-02T06:44:00Z,30.37,60.96,106.0,0,1
2026-10-02T06:45:00Z,31.17,62.25,116.0,0,1
2026-10-02T06:46:00Z,32.8,60.04,109.0,0,1
2026-10-02T06:47:00Z,33.47,58.9,101.0,0,1
2026-10-02T06:48:00Z,34.71,60.93,125.0,0,1
2026-10-02T06:49:00Z,36.03,59.92,110.0,0,1
2026-10-02T06:50:00Z,36.66,60.14,109.0,0,1
2026-10-02T06:51:00Z,37.93,59.9,107.0,0,1
2026-10-02T06:52:00Z,38.79,63.66,119.0,0,1
2026-10-02T06:53:00Z,20.1,56.9,106.0,0,0
2026-10-02T06:54:00Z,20.05,59.64,98.0,0,0
2026-10-02T06:55:00Z,19.72,60.18,105.0,0,0
2026-10-02T06:56:00Z,19.89,58.98,121.0,0,0
2026-10-02T06:57:00Z,20.27,61.46,117.0,0,0
2026-10-02T06:58:00Z,20.09,61.3,108.0,0,0
2026-10-02T06:59:00Z,19.57,59.97,121.0,0,0
2026-10-02T07:00:00Z,20.2,59.59,116.0,0,0
2026-10-02T07:01:00Z,19.69,59.79,108.0,0,0
2026-10-02T07:02:00Z,20.45,59.77,109.0,0,0
2026-10-02T07:03:00Z,20.35,59.77,113.0,0,0
2026-10-02T07:04:00Z,20.15,59.57,103.0,0,0
2026-10-02T07:05:00Z,20.12,60.19,110.0,0,0
2026-10-02T07:06:00Z,20.03,60.9,112.0,0,0
2026-10-02T07:07:00Z,20.31,57.89,97.0,0,0
2026-10-02T07:08:00Z,20.01,58.12,108.0,0,0
2026-10-02T07:09:00Z,20.21,57.03,108.0,0,0
2026-10-02T07:10:00Z,20.41,60.92,118.0,0,0
2026-10-02T07:11:00Z,20.0,59.95,95.0,0,0
2026-10-02T07:12:00Z,20.0,60.3,107.0,0,0
2026-10-02T07:13:00Z,19.84,57.36,106.0,0,0
2026-10-02T07:14:00Z,19.9,62.14,118.0,0,0
2026-10-02T07:15:00Z,19.68,58.51,110.0,0,0
2026-10-02T07:16:00Z,20.47,59.64,124.0,1,0
2026-10-02T07:17:00Z,20.8,60.63,115.0,0,0
2026-10-02T07:18:00Z,20.71,57.82,107.0,0,0
2026-10-02T07:19:00Z,19.81,58.45,112.0,0,0
2026-10-02T07:20:00Z,20.53,59.49,107.0,0,0
2026-10-02T07:21:00Z,20.75,63.47,117.0,0,0
2026-10-02T07:22:00Z,20.2,59.6,99.0,0,0
2026-10-02T07:23:00Z,20.39,61.52,103.0,0,0
2026-10-02T07:24:00Z,19.77,60.88,114.0,0,0
2026-10-02T07:25:00Z,20.47,59.58,120.0,0,0
2026-10-02T07:26:00Z,20.09,57.5,92.0,0,0
2026-10-02T07:27:00Z,20.48,60.54,121.0,0,0
2026-10-02T07:28:00Z,19.97,56.66,109.0,0,0
2026-10-02T07:29:00Z,20.62,61.27,95.0,0,0
2026-10-02T07:30:00Z,20.78,59.13,86.0,0,0
2026-10-02T07:31:00Z,20.25,54.81,98.0,0,0
2026-10-02T07:32:00Z,20.16,58.24,110.0,0,0
2026-10-02T07:33:00Z,19.87,59.69,109.0,0,0
2026-10-02T07:34:00Z,20.45,58.31,115.0,0,0
2026-10-02T07:35:00Z,20.38,59.7,106.0,0,0
2026-10-02T07:36:00Z,20.1,57.31,101.0,0,0
2026-10-02T07:37:00Z,20.72,56.58,107.0,0,0
2026-10-02T07:38:00Z,20.46,58.39,110.0,0,0
2026-10-02T07:39:00Z,20.29,58.51,112.0,0,0
2026-10-02T07:40:00Z,20.47,57.9,104.0,0,0
2026-10-02T07:41:00Z,20.97,60.22,117.0,0,0
2026-10-02T07:42:00Z,20.85,57.06,105.0,1,0
2026-10-02T07:43:00Z,20.64,58.77,103.0,0,0
2026-10-02T07:44:00Z,20.88,58.36,106.0,0,0
2026-10-02T07:45:00Z,20.37,55.88,119.0,0,0
2026-10-02T07:46:00Z,20.74,56.19,109.0,0,0
2026-10-02T07:47:00Z,20.79,58.15,104.0,0,0
2026-10-02T07:48:00Z,20.62,61.06,117.0,0,0
2026-10-02T07:49:00Z,20.91,58.92,127.0,0,0
2026-10-02T07:50:00Z,20.56,55.42,112.0,0,0
2026-10-02T07:51:00Z,20.97,53.3,120.0,0,0
2026-10-02T07:52:00Z,21.0,59.02,118.0,0,0
2026-10-02T07:53:00Z,19.97,57.74,105.0,0,0
2026-10-02T07:54:00Z,21.22,59.55,110.0,0,0
2026-10-02T07:55:00Z,19.97,56.48,100.0,0,0
2026-10-02T07:56:00Z,20.71,58.28,108.0,0,0
2026-10-02T07:57:00Z,21.22,58.98,105.0,0,0
2026-10-02T07:58:00Z,20.84,57.0,107.0,0,0
2026-10-02T07:59:00Z,20.51,56.99,104.0,0,0
2026-10-02T08:00:00Z,20.64,57.63,108.0,0,0
2026-10-02T08:01:00Z,21.29,58.36,137.0,0,0
2026-10-02T08:02:00Z,20.42,57.48,119.0,0,0
2026-10-02T08:03:00Z,21.35,58.92,128.0,1,0
2026-10-02T08:04:00Z,21.02,56.73,107.0,1,0
2026-10-02T08:05:00Z,20.69,55.38,123.0,1,0
2026-10-02T08:06:00Z,20.89,60.3,117.0,0,0
2026-10-02T08:07:00Z,20.78,56.39,140.0,1,0
2026-10-02T08:08:00Z,21.36,56.4,129.0,0,0
2026-10-02T08:09:00Z,21.34,57.11,132.0,0,0
2026-10-02T08:10:00Z,20.62,57.27,114.0,0,0
2026-10-02T08:11:00Z,21.03,56.54,128.0,1,0
2026-10-02T08:12:00Z,20.91,57.05,107.0,0,0
2026-10-02T08:13:00Z,21.57,56.98,143.0,1,0
2026-10-02T08:14:00Z,20.8,57.26,121.0,0,0
2026-10-02T08:15:00Z,21.7,53.41,121.0,0,0
2026-10-02T08:16:00Z,21.23,59.73,134.0,0,0
2026-10-02T08:17:00Z,20.91,56.64,122.0,0,0
2026-10-02T08:18:00Z,21.07,57.69,115.0,0,0
2026-10-02T08:19:00Z,21.05,54.71,148.0,0,0
2026-10-02T08:20:00Z,20.92,56.03,138.0,1,0
2026-10-02T08:21:00Z,21.35,55.69,142.0,1,0
2026-10-02T08:22:00Z,20.97,58.86,104.0,1,0
2026-10-02T08:23:00Z,20.7,55.73,129.0,0,0
2026-10-02T08:24:00Z,21.26,57.7,142.0,0,0
2026-10-02T08:25:00Z,20.85,55.55,112.0,0,0
2026-10-02T08:26:00Z,21.18,55.8,153.0,0,0
2026-10-02T08:27:00Z,21.15,56.07,105.0,0,0
2026-10-02T08:28:00Z,21.18,58.32,142.0,1,0
2026-10-02T08:29:00Z,22.06,53.51,128.0,1,0
2026-10-02T08:30:00Z,21.49,54.33,125.0,0,0
2026-10-02T08:31:00Z,21.57,53.34,138.0,0,0
2026-10-02T08:32:00Z,20.98,54.59,129.0,0,0
2026-10-02T08:33:00Z,21.33,54.96,118.0,1,0
2026-10-02T08:34:00Z,21.61,53.71,133.0,0,0
2026-10-02T08:35:00Z,21.26,54.99,122.0,0,0
2026-10-02T08:36:00Z,21.85,53.02,142.0,0,0
2026-10-02T08:37:00Z,21.24,54.47,127.0,1,0
2026-10-02T08:38:00Z,21.53,57.76,137.0,0,0
2026-10-02T08:39:00Z,21.46,56.52,115.0,0,0
2026-10-02T08:40:00Z,21.7,56.15,107.0,0,0
2026-10-02T08:41:00Z,21.48,54.32,149.0,0,0
2026-10-02T08:42:00Z,21.6,53.48,135.0,0,0
2026-10-02T08:43:00Z,21.63,54.03,115.0,0,0
2026-10-02T08:44:00Z,21.5,55.63,147.0,0,0
2026-10-02T08:45:00Z,21.88,56.96,138.0,0,0
2026-10-02T08:46:00Z,21.83,56.96,146.0,1,0
2026-10-02T08:47:00Z,21.75,56.51,150.0,1,0
2026-10-02T08:48:00Z,21.66,54.42,141.0,0,0
2026-10-02T08:49:00Z,22.05,55.52,111.0,1,0
2026-10-02T08:50:00Z,21.75,54.95,110.0,1,0
2026-10-02T08:51:00Z,21.75,55.09,126.0,0,0
2026-10-02T08:52:00Z,21.89,58.4,103.0,0,0
2026-10-02T08:53:00Z,22.39,52.66,105.0,1,0
2026-10-02T08:54:00Z,21.49,54.91,146.0,1,0
2026-10-02T08:55:00Z,22.14,57.04,131.0,0,0
2026-10-02T08:56:00Z,21.36,52.98,125.0,0,0
2026-10-02T08:57:00Z,22.01,54.17,136.0,0,0
2026-10-02T08:58:00Z,22.44,54.29,148.0,0,0
2026-10-02T08:59:00Z,22.13,54.71,144.0,1,0
2026-10-02T09:00:00Z,22.05,52.61,137.0,0,0
2026-10-02T09:01:00Z,21.85,55.85,143.0,1,0
2026-10-02T09:02:00Z,22.04,55.91,103.0,0,0
2026-10-02T09:03:00Z,21.98,55.63,128.0,1,0
2026-10-02T09:04:00Z,21.83,83.52,128.0,1,1
2026-10-02T09:05:00Z,22.0,84.91,135.0,1,1
2026-10-02T09:06:00Z,22.16,53.39,148.0,0,0
2026-10-02T09:07:00Z,21.89,54.2,154.0,1,0
2026-10-02T09:08:00Z,21.9,57.88,109.0,1,0
2026-10-02T09:09:00Z,21.75,54.75,114.0,1,0
2026-10-02T09:10:00Z,22.29,52.78,130.0,0,0
2026-10-02T09:11:00Z,22.36,54.79,112.0,0,0
2026-10-02T09:12:00Z,22.28,52.45,117.0,0,0
2026-10-02T09:13:00Z,22.52,52.63,142.0,0,0
2026-10-02T09:14:00Z,22.27,52.83,137.0,0,0
2026-10-02T09:15:00Z,22.38,53.68,120.0,0,0
2026-10-02T09:16:00Z,22.37,55.71,143.0,1,0
2026-10-02T09:17:00Z,22.27,55.13,118.0,0,0
2026-10-02T09:18:00Z,22.15,55.0,141.0,0,0
2026-10-02T09:19:00Z,23.0,52.52,99.0,1,0
2026-10-02T09:20:00Z,22.21,53.32,146.0,0,0
2026-10-02T09:21:00Z,22.17,54.49,122.0,1,0
2026-10-02T09:22:00Z,22.51,53.1,123.0,0,0
2026-10-02T09:23:00Z,22.48,53.58,134.0,0,0
2026-10-02T09:24:00Z,22.0,54.62,129.0,0,0
2026-10-02T09:25:00Z,22.77,53.39,128.0,1,0
2026-10-02T09:26:00Z,22.42,54.21,148.0,0,0
2026-10-02T09:27:00Z,22.14,56.21,130.0,0,0
2026-10-02T09:28:00Z,22.84,53.52,118.0,1,0
2026-10-02T09:29:00Z,22.69,55.51,136.0,0,0
2026-10-02T09:30:00Z,22.14,54.53,154.0,0,0
2026-10-02T09:31:00Z,23.07,51.45,138.0,0,0
2026-10-02T09:32:00Z,22.75,51.96,125.0,0,0
2026-10-02T09:33:00Z,22.57,52.31,120.0,1,0
2026-10-02T09:34:00Z,23.07,52.24,147.0,1,0
2026-10-02T09:35:00Z,22.66,53.34,117.0,1,0
2026-10-02T09:36:00Z,22.62,54.36,145.0,1,0
2026-10-02T09:37:00Z,22.44,55.28,132.0,0,0
2026-10-02T09:38:00Z,22.83,53.81,120.0,0,0
2026-10-02T09:39:00Z,22.82,52.64,146.0,0,0
2026-10-02T09:40:00Z,22.7,50.14,115.0,0,0
2026-10-02T09:41:00Z,22.47,53.33,138.0,0,0
2026-10-02T09:42:00Z,22.77,53.22,147.0,1,0
2026-10-02T09:43:00Z,22.73,53.41,148.0,0,0
2026-10-02T09:44:00Z,22.36,56.25,138.0,0,0
2026-10-02T09:45:00Z,22.34,54.91,162.0,0,0
2026-10-02T09:46:00Z,22.97,54.18,119.0,0,0
2026-10-02T09:47:00Z,22.03,51.52,153.0,0,0
2026-10-02T09:48:00Z,22.89,52.15,144.0,1,0
2026-10-02T09:49:00Z,22.71,52.74,129.0,0,0
2026-10-02T09:50:00Z,23.26,51.67,122.0,0,0
2026-10-02T09:51:00Z,22.73,53.54,102.0,0,0
2026-10-02T09:52:00Z,23.1,53.29,132.0,0,0
2026-10-02T09:53:00Z,22.8,51.08,135.0,0,0
2026-10-02T09:54:00Z,22.97,54.46,136.0,0,0
2026-10-02T09:55:00Z,23.17,52.78,117.0,0,0
2026-10-02T09:56:00Z,22.83,49.99,128.0,0,0
2026-10-02T09:57:00Z,23.28,52.46,104.0,0,0
2026-10-02T09:58:00Z,22.7,52.92,160.0,1,0
2026-10-02T09:59:00Z,23.11,53.91,115.0,0,0
2026-10-02T10:00:00Z,23.31,51.91,120.0,0,0
2026-10-02T10:01:00Z,23.25,53.61,118.0,1,0
2026-10-02T10:02:00Z,23.64,52.61,143.0,0,0
2026-10-02T10:03:00Z,22.86,50.31,134.0,1,0
2026-10-02T10:04:00Z,22.69,50.12,103.0,1,0
2026-10-02T10:05:00Z,22.82,53.89,123.0,0,0
2026-10-02T10:06:00Z,23.33,53.95,118.0,1,0
2026-10-02T10:07:00Z,23.3,52.6,121.0,0,0
2026-10-02T10:08:00Z,23.2,54.32,140.0,0,0
2026-10-02T10:09:00Z,22.85,53.62,115.0,1,0
2026-10-02T10:10:00Z,23.43,53.02,136.0,1,0
2026-10-02T10:11:00Z,22.85,50.58,118.0,0,0
2026-10-02T10:12:00Z,23.58,54.51,121.0,1,0
2026-10-02T10:13:00Z,24.11,52.67,133.0,0,0
2026-10-02T10:14:00Z,23.38,51.25,111.0,0,0
2026-10-02T10:15:00Z,23.46,50.78,97.0,0,0
2026-10-02T10:16:00Z,23.15,52.13,118.0,0,0
2026-10-02T10:17:00Z,22.78,49.2,106.0,0,0
2026-10-02T10:18:00Z,23.15,52.71,153.0,1,0
2026-10-02T10:19:00Z,23.02,50.19,132.0,0,0
2026-10-02T10:20:00Z,22.93,52.14,122.0,0,0
2026-10-02T10:21:00Z,23.9,50.76,123.0,0,0
2026-10-02T10:22:00Z,23.48,51.1,141.0,1,0
2026-10-02T10:23:00Z,23.53,50.32,160.0,1,0
2026-10-02T10:24:00Z,23.34,51.17,133.0,0,0
2026-10-02T10:25:00Z,23.4,54.21,134.0,1,0
2026-10-02T10:26:00Z,23.76,53.41,148.0,0,0
2026-10-02T10:27:00Z,23.47,51.83,125.0,0,0
2026-10-02T10:28:00Z,23.66,51.22,154.0,0,0
2026-10-02T10:29:00Z,23.46,52.48,138.0,0,0
2026-10-02T10:30:00Z,23.43,52.87,127.0,1,0
2026-10-02T10:31:00Z,23.12,49.89,146.0,0,0
2026-10-02T10:32:00Z,22.97,50.98,123.0,0,0
2026-10-02T10:33:00Z,23.5,48.32,118.0,1,0
2026-10-02T10:34:00Z,23.61,52.7,153.0,0,0
2026-10-02T10:35:00Z,23.23,54.07,101.0,0,0
2026-10-02T10:36:00Z,23.62,51.05,129.0,1,0
2026-10-02T10:37:00Z,23.66,47.71,160.0,0,0
2026-10-02T10:38:00Z,23.01,51.77,131.0,1,0
2026-10-02T10:39:00Z,23.4,49.46,123.0,0,0
2026-10-02T10:40:00Z,23.81,49.78,134.0,0,0
2026-10-02T10:41:00Z,23.82,51.67,123.0,0,0
2026-10-02T10:42:00Z,23.38,51.08,118.0,0,0
2026-10-02T10:43:00Z,23.79,49.92,114.0,1,0
2026-10-02T10:44:00Z,24.06,49.64,142.0,0,0
2026-10-02T10:45:00Z,24.0,50.77,156.0,1,0
2026-10-02T10:46:00Z,23.76,49.92,127.0,0,0
2026-10-02T10:47:00Z,23.66,48.84,128.0,1,0
2026-10-02T10:48:00Z,23.63,49.96,138.0,1,0
2026-10-02T10:49:00Z,23.97,50.93,122.0,1,0
2026-10-02T10:50:00Z,23.91,50.12,118.0,1,0
2026-10-02T10:51:00Z,24.05,48.22,144.0,1,0
2026-10-02T10:52:00Z,23.92,51.79,128.0,1,0
2026-10-02T10:53:00Z,24.14,46.16,1604.0,0,1
2026-10-02T10:54:00Z,23.94,49.56,1632.0,0,1
2026-10-02T10:55:00Z,24.16,49.26,1630.0,0,1
2026-10-02T10:56:00Z,24.2,50.37,1632.0,0,1
2026-10-02T10:57:00Z,23.71,50.96,1625.0,0,1
2026-10-02T10:58:00Z,23.43,51.77,1631.0,0,1
2026-10-02T10:59:00Z,24.45,48.97,1644.0,0,1
2026-10-02T11:00:00Z,24.08,50.88,1633.0,0,1
2026-10-02T11:01:00Z,23.5,50.26,133.0,0,0
2026-10-02T11:02:00Z,23.82,47.36,128.0,1,0
2026-10-02T11:03:00Z,24.28,52.74,143.0,0,0
2026-10-02T11:04:00Z,23.98,47.69,134.0,0,0
2026-10-02T11:05:00Z,23.92,50.44,115.0,0,0
2026-10-02T11:06:00Z,24.51,50.36,147.0,0,0
2026-10-02T11:07:00Z,23.79,50.15,139.0,0,0
2026-10-02T11:08:00Z,23.88,48.96,130.0,0,0
2026-10-02T11:09:00Z,24.2,50.9,110.0,1,0
2026-10-02T11:10:00Z,24.27,47.29,143.0,1,0
2026-10-02T11:11:00Z,24.31,49.49,126.0,0,0
2026-10-02T11:12:00Z,24.45,48.71,140.0,1,0
2026-10-02T11:13:00Z,24.25,48.5,126.0,0,0
2026-10-02T11:14:00Z,24.35,50.12,113.0,1,0
2026-10-02T11:15:00Z,24.14,51.06,125.0,0,0
2026-10-02T11:16:00Z,24.26,48.89,142.0,0,0
2026-10-02T11:17:00Z,24.28,50.54,116.0,0,0
2026-10-02T11:18:00Z,24.33,49.41,133.0,0,0
2026-10-02T11:19:00Z,24.51,47.96,128.0,0,0
2026-10-02T11:20:00Z,24.46,48.88,123.0,0,0
2026-10-02T11:21:00Z,24.32,48.78,138.0,0,0
2026-10-02T11:22:00Z,24.08,48.15,120.0,0,0
2026-10-02T11:23:00Z,24.36,49.8,148.0,1,0
2026-10-02T11:24:00Z,24.34,49.47,129.0,0,0
2026-10-02T11:25:00Z,24.42,46.7,102.0,0,0
2026-10-02T11:26:00Z,25.04,46.57,120.0,0,0
2026-10-02T11:27:00Z,24.24,49.65,129.0,0,0
2026-10-02T11:28:00Z,24.53,47.76,128.0,0,0
2026-10-02T11:29:00Z,24.74,49.4,137.0,0,0
2026-10-02T11:30:00Z,24.46,50.08,141.0,0,0
2026-10-02T11:31:00Z,25.15,46.97,110.0,0,0
2026-10-02T11:32:00Z,24.35,46.73,112.0,0,0
2026-10-02T11:33:00Z,24.57,51.32,132.0,1,0
2026-10-02T11:34:00Z,24.25,49.3,151.0,0,0
2026-10-02T11:35:00Z,24.4,48.11,137.0,1,0
2026-10-02T11:36:00Z,24.59,47.31,107.0,1,0
2026-10-02T11:37:00Z,24.78,47.91,137.0,1,0
2026-10-02T11:38:00Z,24.64,46.85,1635.0,0,1
2026-10-02T11:39:00Z,24.94,49.93,1635.0,0,1
2026-10-02T11:40:00Z,24.54,47.41,1626.0,0,1
2026-10-02T11:41:00Z,24.48,50.18,1642.0,0,1
2026-10-02T11:42:00Z,25.41,47.9,1627.0,0,1
2026-10-02T11:43:00Z,24.73,46.91,1621.0,0,1
2026-10-02T11:44:00Z,24.41,47.8,1613.0,0,1
2026-10-02T11:45:00Z,24.43,44.47,1652.0,0,1
2026-10-02T11:46:00Z,24.37,48.19,124.0,1,0
2026-10-02T11:47:00Z,24.94,48.09,104.0,0,0
2026-10-02T11:48:00Z,24.57,49.55,102.0,1,0
2026-10-02T11:49:00Z,24.73,45.45,92.0,0,0
2026-10-02T11:50:00Z,24.68,49.99,122.0,0,0
2026-10-02T11:51:00Z,24.93,49.44,132.0,0,0
2026-10-02T11:52:00Z,24.47,50.06,109.0,1,0
2026-10-02T11:53:00Z,24.42,48.07,108.0,1,0
2026-10-02T11:54:00Z,24.82,49.64,104.0,0,0
2026-10-02T11:55:00Z,24.95,45.88,122.0,0,1
2026-10-02T11:56:00Z,24.88,49.12,157.0,0,1
2026-10-02T11:57:00Z,24.55,46.87,235.0,0,1
2026-10-02T11:58:00Z,25.01,45.51,292.0,0,1
2026-10-02T11:59:00Z,24.59,46.27,357.0,0,1
2026-10-02T12:00:00Z,24.67,47.94,369.0,0,1
2026-10-02T12:01:00Z,24.56,46.66,454.0,0,1
2026-10-02T12:02:00Z,25.24,48.43,481.0,0,1
2026-10-02T12:03:00Z,25.06,45.12,499.0,0,1
2026-10-02T12:04:00Z,25.06,44.62,575.0,0,1
2026-10-02T12:05:00Z,25.26,49.83,128.0,0,0
2026-10-02T12:06:00Z,25.75,49.1,123.0,1,0
2026-10-02T12:07:00Z,24.4,46.14,119.0,0,0
2026-10-02T12:08:00Z,24.7,47.68,120.0,0,0
2026-10-02T12:09:00Z,24.75,49.19,126.0,0,0
2026-10-02T12:10:00Z,24.69,48.26,144.0,0,0
2026-10-02T12:11:00Z,24.64,47.82,104.0,0,0
2026-10-02T12:12:00Z,24.88,49.21,118.0,1,0
2026-10-02T12:13:00Z,24.62,46.44,104.0,0,0
2026-10-02T12:14:00Z,25.1,47.56,135.0,0,0
2026-10-02T12:15:00Z,25.02,47.45,140.0,1,0
2026-10-02T12:16:00Z,25.16,47.04,138.0,0,0
2026-10-02T12:17:00Z,25.18,46.84,149.0,0,0
2026-10-02T12:18:00Z,25.22,47.51,136.0,1,0
2026-10-02T12:19:00Z,24.94,47.42,134.0,1,0
2026-10-02T12:20:00Z,25.7,45.77,125.0,0,0
2026-10-02T12:21:00Z,25.15,48.51,116.0,0,0
2026-10-02T12:22:00Z,24.53,45.82,152.0,1,0
2026-10-02T12:23:00Z,24.8,46.93,131.0,1,0
2026-10-02T12:24:00Z,24.59,46.79,127.0,1,0
2026-10-02T12:25:00Z,25.12,47.74,119.0,1,0
2026-10-02T12:26:00Z,25.09,44.0,147.0,0,0
2026-10-02T12:27:00Z,25.0,48.48,119.0,1,0
2026-10-02T12:28:00Z,25.76,46.1,135.0,1,0
2026-10-02T12:29:00Z,25.33,48.92,149.0,1,0
2026-10-02T12:30:00Z,25.39,46.35,133.0,0,0
2026-10-02T12:31:00Z,24.9,46.97,123.0,0,0
2026-10-02T12:32:00Z,24.89,49.88,117.0,0,0
2026-10-02T12:33:00Z,25.22,46.57,131.0,0,0
2026-10-02T12:34:00Z,25.27,48.82,141.0,0,0
2026-10-02T12:35:00Z,24.67,46.99,135.0,0,0
2026-10-02T12:36:00Z,25.18,47.53,133.0,0,0
2026-10-02T12:37:00Z,25.25,46.99,121.0,0,0
2026-10-02T12:38:00Z,25.19,48.13,123.0,1,0
2026-10-02T12:39:00Z,25.02,45.81,134.0,0,0
2026-10-02T12:40:00Z,25.11,45.33,101.0,0,0
2026-10-02T12:41:00Z,25.23,45.83,120.0,0,0
2026-10-02T12:42:00Z,25.32,46.91,160.0,1,0
2026-10-02T12:43:00Z,25.49,46.4,117.0,0,0
2026-10-02T12:44:00Z,25.64,47.78,137.0,0,0
2026-10-02T12:45:00Z,25.24,48.64,104.0,1,0
2026-10-02T12:46:00Z,25.2,45.2,119.0,1,0
2026-10-02T12:47:00Z,25.48,45.54,143.0,1,0
2026-10-02T12:48:00Z,25.54,44.46,118.0,0,0
2026-10-02T12:49:00Z,25.23,49.64,129.0,0,0
2026-10-02T12:50:00Z,25.61,47.02,115.0,0,0
2026-10-02T12:51:00Z,25.68,47.26,117.0,0,0
2026-10-02T12:52:00Z,25.78,44.51,134.0,0,0
2026-10-02T12:53:00Z,25.93,46.49,140.0,0,0
2026-10-02T12:54:00Z,25.15,47.24,143.0,1,0
2026-10-02T12:55:00Z,25.42,46.07,129.0,1,0
2026-10-02T12:56:00Z,25.43,48.04,130.0,0,0
2026-10-02T12:57:00Z,25.41,49.87,125.0,1,0
2026-10-02T12:58:00Z,25.25,44.96,119.0,1,0
2026-10-02T12:59:00Z,25.01,44.83,151.0,0,0
2026-10-02T13:00:00Z,25.49,45.02,104.0,0,0
2026-10-02T13:01:00Z,25.24,48.73,129.0,1,0
2026-10-02T13:02:00Z,25.51,47.86,110.0,0,0
2026-10-02T13:03:00Z,25.25,46.07,135.0,0,0
2026-10-02T13:04:00Z,25.17,46.31,120.0,0,0
2026-10-02T13:05:00Z,25.58,45.01,148.0,0,0
2026-10-02T13:06:00Z,25.56,47.55,111.0,1,0
2026-10-02T13:07:00Z,25.7,45.62,142.0,1,0
2026-10-02T13:08:00Z,26.19,45.78,136.0,1,0
2026-10-02T13:09:00Z,25.62,47.06,117.0,0,0
2026-10-02T13:10:00Z,25.69,45.85,119.0,0,0
2026-10-02T13:11:00Z,25.23,45.76,119.0,0,0
2026-10-02T13:12:00Z,25.18,46.11,164.0,0,0
2026-10-02T13:13:00Z,26.05,47.26,133.0,1,0
2026-10-02T13:14:00Z,25.3,48.52,112.0,1,0
2026-10-02T13:15:00Z,25.27,46.91,120.0,0,1
2026-10-02T13:16:00Z,25.58,47.22,186.0,0,1
2026-10-02T13:17:00Z,25.58,45.69,204.0,0,1
2026-10-02T13:18:00Z,25.34,44.91,289.0,0,1
2026-10-02T13:19:00Z,25.53,46.94,326.0,0,1
2026-10-02T13:20:00Z,25.99,46.19,372.0,0,1
2026-10-02T13:21:00Z,25.39,43.78,455.0,0,1
2026-10-02T13:22:00Z,25.22,45.41,500.0,0,1
2026-10-02T13:23:00Z,25.93,45.76,537.0,0,1
2026-10-02T13:24:00Z,25.8,45.1,563.0,0,1
2026-10-02T13:25:00Z,25.48,48.07,132.0,1,0
2026-10-02T13:26:00Z,25.19,46.55,134.0,1,0
2026-10-02T13:27:00Z,25.45,47.87,124.0,0,0
2026-10-02T13:28:00Z,25.67,46.19,109.0,0,0
2026-10-02T13:29:00Z,26.04,45.9,132.0,0,0
2026-10-02T13:30:00Z,25.38,44.36,135.0,1,0
2026-10-02T13:31:00Z,25.68,45.76,129.0,0,0
2026-10-02T13:32:00Z,25.91,45.75,137.0,1,0
2026-10-02T13:33:00Z,25.0,43.66,132.0,0,0
2026-10-02T13:34:00Z,26.03,44.89,131.0,0,0
2026-10-02T13:35:00Z,25.37,45.19,156.0,0,0
2026-10-02T13:36:00Z,25.83,46.28,124.0,1,0
2026-10-02T13:37:00Z,25.81,46.34,127.0,0,0
2026-10-02T13:38:00Z,26.07,44.76,151.0,1,0
2026-10-02T13:39:00Z,25.92,46.32,124.0,0,0
2026-10-02T13:40:00Z,25.05,45.33,146.0,0,0
2026-10-02T13:41:00Z,25.53,41.28,127.0,0,0
2026-10-02T13:42:00Z,25.81,44.85,138.0,0,0
2026-10-02T13:43:00Z,25.72,47.18,138.0,1,0
2026-10-02T13:44:00Z,25.93,43.02,115.0,1,0
2026-10-02T13:45:00Z,26.02,45.7,149.0,0,0
2026-10-02T13:46:00Z,25.98,47.89,122.0,0,0
2026-10-02T13:47:00Z,25.73,44.36,143.0,0,0
2026-10-02T13:48:00Z,25.25,45.49,147.0,0,0
2026-10-02T13:49:00Z,25.67,43.52,121.0,0,0
2026-10-02T13:50:00Z,25.94,47.9,127.0,0,0
2026-10-02T13:51:00Z,25.49,45.32,125.0,0,0
2026-10-02T13:52:00Z,26.01,45.51,137.0,1,0
2026-10-02T13:53:00Z,26.1,47.46,128.0,1,0
2026-10-02T13:54:00Z,25.87,46.4,121.0,0,0
2026-10-02T13:55:00Z,24.92,44.09,133.0,1,0
2026-10-02T13:56:00Z,25.46,44.42,117.0,1,0
2026-10-02T13:57:00Z,26.42,46.12,120.0,1,0
2026-10-02T13:58:00Z,25.69,44.43,136.0,0,0
2026-10-02T13:59:00Z,25.26,42.18,125.0,0,0
2026-10-02T14:00:00Z,26.23,45.26,110.0,0,0
2026-10-02T14:01:00Z,25.87,43.11,150.0,1,0
2026-10-02T14:02:00Z,26.2,47.74,143.0,0,0
2026-10-02T14:03:00Z,25.96,45.57,95.0,0,0
2026-10-02T14:04:00Z,26.02,43.94,138.0,0,0
2026-10-02T14:05:00Z,25.99,44.24,133.0,0,0
2026-10-02T14:06:00Z,26.1,42.44,90.0,0,0
2026-10-02T14:07:00Z,26.58,43.62,129.0,0,0
2026-10-02T14:08:00Z,26.19,46.78,139.0,0,0
2026-10-02T14:09:00Z,25.43,48.59,126.0,1,0
2026-10-02T14:10:00Z,26.04,46.33,148.0,0,0
2026-10-02T14:11:00Z,26.25,45.09,129.0,0,0
2026-10-02T14:12:00Z,26.27,44.57,123.0,0,0
2026-10-02T14:13:00Z,25.79,43.77,125.0,0,0
2026-10-02T14:14:00Z,26.27,48.29,138.0,1,0
2026-10-02T14:15:00Z,26.2,44.91,139.0,0,0
2026-10-02T14:16:00Z,26.7,48.36,141.0,1,0
2026-10-02T14:17:00Z,25.7,47.27,129.0,1,0
2026-10-02T14:18:00Z,25.78,42.56,154.0,0,0
2026-10-02T14:19:00Z,25.84,44.16,144.0,0,0
2026-10-02T14:20:00Z,25.79,44.15,119.0,0,0
2026-10-02T14:21:00Z,25.68,45.02,104.0,1,0
2026-10-02T14:22:00Z,25.12,45.05,153.0,1,0
2026-10-02T14:23:00Z,25.82,49.62,124.0,0,0
2026-10-02T14:24:00Z,26.06,43.51,138.0,0,0
2026-10-02T14:25:00Z,25.81,45.46,127.0,0,0
2026-10-02T14:26:00Z,26.54,46.03,114.0,0,0
2026-10-02T14:27:00Z,25.96,45.1,141.0,0,0
2026-10-02T14:28:00Z,26.35,45.26,148.0,0,0
2026-10-02T14:29:00Z,26.04,43.52,140.0,0,0
2026-10-02T14:30:00Z,26.21,45.25,150.0,0,0
2026-10-02T14:31:00Z,26.05,45.85,135.0,0,0
2026-10-02T14:32:00Z,26.38,45.57,129.0,0,0
2026-10-02T14:33:00Z,25.99,45.92,117.0,0,0
2026-10-02T14:34:00Z,26.12,47.18,145.0,0,0
2026-10-02T14:35:00Z,26.09,46.46,116.0,0,0
2026-10-02T14:36:00Z,25.89,45.16,128.0,0,0
2026-10-02T14:37:00Z,26.1,43.29,139.0,0,0
2026-10-02T14:38:00Z,26.65,44.15,121.0,0,0
2026-10-02T14:39:00Z,25.9,44.71,169.0,1,0
2026-10-02T14:40:00Z,26.11,45.42,105.0,1,0
2026-10-02T14:41:00Z,26.36,44.32,102.0,0,0
2026-10-02T14:42:00Z,26.33,43.63,135.0,0,0
2026-10-02T14:43:00Z,25.99,43.25,125.0,0,0
2026-10-02T14:44:00Z,25.28,42.55,116.0,1,0
2026-10-02T14:45:00Z,26.15,44.67,131.0,0,0
2026-10-02T14:46:00Z,25.33,42.81,147.0,0,0
2026-10-02T14:47:00Z,26.43,43.52,119.0,1,0
2026-10-02T14:48:00Z,26.05,44.42,153.0,1,0
2026-10-02T14:49:00Z,26.3,43.01,120.0,0,0
2026-10-02T14:50:00Z,25.73,45.58,145.0,1,0
2026-10-02T14:51:00Z,25.53,46.12,147.0,0,0
2026-10-02T14:52:00Z,26.08,44.18,144.0,0,0
2026-10-02T14:53:00Z,25.99,44.35,144.0,0,0
2026-10-02T14:54:00Z,25.85,45.81,104.0,1,0
2026-10-02T14:55:00Z,26.02,43.93,110.0,0,0
2026-10-02T14:56:00Z,26.83,43.83,120.0,0,0
2026-10-02T14:57:00Z,26.25,46.8,106.0,0,0
2026-10-02T14:58:00Z,26.31,46.33,149.0,0,0
2026-10-02T14:59:00Z,26.25,45.9,148.0,0,0
2026-10-02T15:00:00Z,26.44,46.39,144.0,0,0
2026-10-02T15:01:00Z,25.94,42.03,147.0,0,0
2026-10-02T15:02:00Z,25.38,47.03,134.0,0,0
2026-10-02T15:03:00Z,25.94,45.59,153.0,1,0
2026-10-02T15:04:00Z,26.24,46.52,123.0,1,0
2026-10-02T15:05:00Z,25.71,45.58,110.0,0,0
2026-10-02T15:06:00Z,25.95,45.08,127.0,1,0
2026-10-02T15:07:00Z,25.79,44.59,132.0,0,0
2026-10-02T15:08:00Z,26.45,45.56,105.0,0,0
2026-10-02T15:09:00Z,26.22,44.54,109.0,0,0
2026-10-02T15:10:00Z,26.19,46.31,123.0,1,0
2026-10-02T15:11:00Z,26.18,42.63,134.0,0,0
2026-10-02T15:12:00Z,25.98,44.2,118.0,1,0
2026-10-02T15:13:00Z,26.05,48.08,110.0,0,0
2026-10-02T15:14:00Z,25.64,44.08,131.0,0,0
2026-10-02T15:15:00Z,25.34,44.66,125.0,0,0
2026-10-02T15:16:00Z,26.04,43.7,143.0,0,0
2026-10-02T15:17:00Z,26.09,45.53,130.0,0,0
2026-10-02T15:18:00Z,26.35,43.93,107.0,1,0
2026-10-02T15:19:00Z,26.46,44.76,118.0,1,0
2026-10-02T15:20:00Z,26.46,46.31,124.0,0,0
2026-10-02T15:21:00Z,25.68,43.99,124.0,0,0
2026-10-02T15:22:00Z,25.88,46.23,122.0,1,0
2026-10-02T15:23:00Z,26.12,46.28,143.0,1,0
2026-10-02T15:24:00Z,26.74,46.64,128.0,1,0
2026-10-02T15:25:00Z,26.42,45.27,111.0,0,0
2026-10-02T15:26:00Z,26.31,49.93,149.0,1,0
2026-10-02T15:27:00Z,25.86,46.65,141.0,0,0
2026-10-02T15:28:00Z,25.71,45.56,119.0,1,0
2026-10-02T15:29:00Z,26.2,43.77,111.0,0,0
2026-10-02T15:30:00Z,25.64,44.94,141.0,1,0
2026-10-02T15:31:00Z,25.89,47.23,112.0,0,0
2026-10-02T15:32:00Z,25.93,47.66,125.0,1,0
2026-10-02T15:33:00Z,26.44,47.32,134.0,0,0
2026-10-02T15:34:00Z,25.85,46.29,126.0,0,0
2026-10-02T15:35:00Z,25.22,43.23,144.0,1,0
2026-10-02T15:36:00Z,26.1,45.85,108.0,0,0
2026-10-02T15:37:00Z,25.74,43.27,127.0,1,0
2026-10-02T15:38:00Z,25.96,42.91,126.0,0,0
2026-10-02T15:39:00Z,25.92,45.5,162.0,0,0
2026-10-02T15:40:00Z,25.86,45.94,123.0,1,0
2026-10-02T15:41:00Z,26.17,46.51,124.0,0,0
2026-10-02T15:42:00Z,25.47,45.91,151.0,1,0
2026-10-02T15:43:00Z,25.77,45.97,124.0,0,0
2026-10-02T15:44:00Z,26.13,43.71,135.0,0,0
2026-10-02T15:45:00Z,25.74,45.03,135.0,0,0
2026-10-02T15:46:00Z,25.44,42.94,133.0,1,0
2026-10-02T15:47:00Z,26.12,42.2,138.0,0,0
2026-10-02T15:48:00Z,26.25,46.33,143.0,1,0
2026-10-02T15:49:00Z,25.9,44.1,119.0,0,0
2026-10-02T15:50:00Z,25.32,46.55,153.0,1,0
2026-10-02T15:51:00Z,26.11,46.91,146.0,1,0
2026-10-02T15:52:00Z,25.4,44.33,140.0,1,0
2026-10-02T15:53:00Z,25.99,46.15,144.0,0,0
2026-10-02T15:54:00Z,25.62,44.28,134.0,1,0
2026-10-02T15:55:00Z,25.54,42.52,123.0,0,0
2026-10-02T15:56:00Z,25.75,45.48,109.0,0,0
2026-10-02T15:57:00Z,25.82,44.6,116.0,1,0
2026-10-02T15:58:00Z,25.68,44.66,135.0,1,0
2026-10-02T15:59:00Z,26.04,48.29,135.0,1,0
2026-10-02T16:00:00Z,25.73,43.05,119.0,1,0
2026-10-02T16:01:00Z,26.15,45.93,142.0,0,0
2026-10-02T16:02:00Z,25.94,43.87,126.0,0,0
2026-10-02T16:03:00Z,25.64,46.74,133.0,1,0
2026-10-02T16:04:00Z,25.59,45.84,166.0,1,0
2026-10-02T16:05:00Z,25.35,45.97,147.0,0,0
2026-10-02T16:06:00Z,25.92,43.99,110.0,1,0
2026-10-02T16:07:00Z,25.72,44.28,102.0,0,0
2026-10-02T16:08:00Z,25.11,46.83,127.0,0,0
2026-10-02T16:09:00Z,25.66,48.11,123.0,1,0
2026-10-02T16:10:00Z,25.54,46.18,138.0,0,0
2026-10-02T16:11:00Z,26.28,44.13,111.0,0,0
2026-10-02T16:12:00Z,25.29,46.0,108.0,0,0
2026-10-02T16:13:00Z,25.37,49.14,125.0,0,0
2026-10-02T16:14:00Z,26.13,45.67,143.0,0,0
2026-10-02T16:15:00Z,26.19,47.72,139.0,0,0
2026-10-02T16:16:00Z,25.56,44.43,140.0,0,0
2026-10-02T16:17:00Z,25.59,45.5,128.0,0,0
2026-10-02T16:18:00Z,25.96,46.5,141.0,0,0
2026-10-02T16:19:00Z,25.07,46.18,128.0,0,0
2026-10-02T16:20:00Z,25.2,44.45,135.0,0,0
2026-10-02T16:21:00Z,25.67,44.4,134.0,0,0
2026-10-02T16:22:00Z,26.21,47.12,129.0,1,0
2026-10-02T16:23:00Z,25.61,47.44,153.0,1,0
2026-10-02T16:24:00Z,25.76,47.93,118.0,1,0
2026-10-02T16:25:00Z,26.07,48.39,105.0,1,0
2026-10-02T16:26:00Z,26.35,45.9,145.0,0,0
2026-10-02T16:27:00Z,25.54,45.25,138.0,1,0
2026-10-02T16:28:00Z,25.7,47.75,128.0,0,0
2026-10-02T16:29:00Z,26.25,46.81,144.0,0,0
2026-10-02T16:30:00Z,25.24,44.29,122.0,1,0
2026-10-02T16:31:00Z,26.0,44.23,153.0,1,0
2026-10-02T16:32:00Z,25.38,46.53,137.0,0,0
2026-10-02T16:33:00Z,25.71,45.55,113.0,0,0
2026-10-02T16:34:00Z,25.6,45.79,148.0,0,0
2026-10-02T16:35:00Z,25.37,47.46,134.0,1,0
2026-10-02T16:36:00Z,25.36,47.0,132.0,1,0
2026-10-02T16:37:00Z,25.73,47.88,109.0,1,0
2026-10-02T16:38:00Z,25.94,43.0,107.0,1,0
2026-10-02T16:39:00Z,25.59,46.3,149.0,0,0
2026-10-02T16:40:00Z,25.65,46.98,139.0,1,0
2026-10-02T16:41:00Z,25.79,43.67,129.0,1,0
2026-10-02T16:42:00Z,25.32,44.99,142.0,0,0
2026-10-02T16:43:00Z,25.82,44.73,137.0,0,0
2026-10-02T16:44:00Z,25.84,46.04,127.0,0,0
2026-10-02T16:45:00Z,26.37,48.47,127.0,0,0
2026-10-02T16:46:00Z,25.47,49.08,128.0,0,0
2026-10-02T16:47:00Z,25.43,44.85,115.0,1,0
2026-10-02T16:48:00Z,25.79,46.88,109.0,1,0
2026-10-02T16:49:00Z,25.8,46.95,146.0,0,0
2026-10-02T16:50:00Z,25.39,46.71,145.0,0,0
2026-10-02T16:51:00Z,25.42,46.75,135.0,0,0
2026-10-02T16:52:00Z,25.69,46.63,116.0,1,0
2026-10-02T16:53:00Z,25.28,48.72,141.0,0,0
2026-10-02T16:54:00Z,25.39,47.87,105.0,1,0
2026-10-02T16:55:00Z,25.53,44.64,123.0,0,0
2026-10-02T16:56:00Z,25.8,47.45,140.0,0,0
2026-10-02T16:57:00Z,25.31,47.61,132.0,1,0
2026-10-02T16:58:00Z,24.93,46.77,154.0,1,0
2026-10-02T16:59:00Z,24.9,48.02,146.0,0,0
2026-10-02T17:00:00Z,25.09,46.62,126.0,0,0
2026-10-02T17:01:00Z,25.06,46.66,116.0,1,0
2026-10-02T17:02:00Z,25.4,46.57,116.0,0,0
2026-10-02T17:03:00Z,25.08,43.38,162.0,1,0
2026-10-02T17:04:00Z,25.22,46.31,152.0,0,0
2026-10-02T17:05:00Z,25.19,45.45,121.0,1,0
2026-10-02T17:06:00Z,25.28,44.69,130.0,0,0
2026-10-02T17:07:00Z,25.8,48.65,111.0,1,0
2026-10-02T17:08:00Z,25.59,47.28,118.0,0,0
2026-10-02T17:09:00Z,25.39,46.5,145.0,1,0
2026-10-02T17:10:00Z,25.24,45.72,114.0,0,0
2026-10-02T17:11:00Z,25.23,47.03,127.0,0,0
2026-10-02T17:12:00Z,25.45,48.1,150.0,1,0
2026-10-02T17:13:00Z,25.52,45.4,132.0,1,0
2026-10-02T17:14:00Z,25.06,46.65,127.0,0,0
2026-10-02T17:15:00Z,25.34,47.99,120.0,0,0
2026-10-02T17:16:00Z,24.71,43.81,110.0,0,0
2026-10-02T17:17:00Z,25.37,46.65,121.0,0,0
2026-10-02T17:18:00Z,25.53,46.11,117.0,0,0
2026-10-02T17:19:00Z,25.2,46.58,117.0,0,0
2026-10-02T17:20:00Z,25.82,46.06,107.0,0,0
2026-10-02T17:21:00Z,25.0,47.04,114.0,1,0
2026-10-02T17:22:00Z,25.32,49.74,114.0,1,0
2026-10-02T17:23:00Z,25.24,46.4,160.0,1,0
2026-10-02T17:24:00Z,25.21,47.35,116.0,0,0
2026-10-02T17:25:00Z,25.19,49.93,122.0,1,0
2026-10-02T17:26:00Z,25.25,46.14,147.0,0,0
2026-10-02T17:27:00Z,25.46,49.71,105.0,1,0
2026-10-02T17:28:00Z,25.61,47.02,140.0,0,0
2026-10-02T17:29:00Z,25.18,49.71,145.0,1,0
2026-10-02T17:30:00Z,25.42,48.19,127.0,0,0
2026-10-02T17:31:00Z,24.95,47.55,117.0,1,0
2026-10-02T17:32:00Z,25.38,47.02,135.0,1,0
2026-10-02T17:33:00Z,24.91,46.21,148.0,1,0
2026-10-02T17:34:00Z,25.46,47.29,123.0,0,0
2026-10-02T17:35:00Z,25.78,48.55,113.0,0,0
2026-10-02T17:36:00Z,25.07,47.21,115.0,1,0
2026-10-02T17:37:00Z,24.44,46.78,137.0,0,0
2026-10-02T17:38:00Z,24.92,46.91,124.0,0,0
2026-10-02T17:39:00Z,25.44,48.8,118.0,0,0
2026-10-02T17:40:00Z,25.23,49.18,118.0,0,0
2026-10-02T17:41:00Z,25.13,46.37,149.0,1,0
2026-10-02T17:42:00Z,25.34,46.39,110.0,0,0
2026-10-02T17:43:00Z,25.18,47.99,113.0,0,0
2026-10-02T17:44:00Z,25.38,49.74,127.0,0,0
2026-10-02T17:45:00Z,25.28,49.2,139.0,1,0
2026-10-02T17:46:00Z,25.45,45.63,140.0,0,0
2026-10-02T17:47:00Z,25.09,47.14,136.0,1,0
2026-10-02T17:48:00Z,25.24,46.17,109.0,0,0
2026-10-02T17:49:00Z,24.87,47.2,129.0,1,0
2026-10-02T17:50:00Z,24.77,50.03,128.0,1,0
2026-10-02T17:51:00Z,25.45,45.52,127.0,0,0
2026-10-02T17:52:00Z,24.99,45.26,152.0,0,0
2026-10-02T17:53:00Z,25.15,46.47,147.0,1,0
2026-10-02T17:54:00Z,24.94,48.18,132.0,0,0
2026-10-02T17:55:00Z,24.71,48.71,137.0,0,0
2026-10-02T17:56:00Z,24.88,48.46,108.0,0,0
2026-10-02T17:57:00Z,25.3,49.6,130.0,0,0
2026-10-02T17:58:00Z,25.02,45.22,131.0,1,0
2026-10-02T17:59:00Z,24.33,49.68,135.0,1,0
2026-10-02T18:00:00Z,24.76,47.46,118.0,0,0
2026-10-02T18:01:00Z,25.35,49.06,146.0,1,0
2026-10-02T18:02:00Z,24.74,46.01,143.0,0,0
2026-10-02T18:03:00Z,24.25,48.03,142.0,0,0
2026-10-02T18:04:00Z,25.35,48.41,152.0,0,0
2026-10-02T18:05:00Z,24.97,49.82,123.0,1,0
2026-10-02T18:06:00Z,24.73,45.74,122.0,0,0
2026-10-02T18:07:00Z,24.63,48.19,129.0,0,0
2026-10-02T18:08:00Z,25.05,46.55,140.0,1,0
2026-10-02T18:09:00Z,24.55,48.97,121.0,1,0
2026-10-02T18:10:00Z,25.05,49.41,117.0,1,0
2026-10-02T18:11:00Z,24.85,50.21,150.0,0,0
2026-10-02T18:12:00Z,24.75,47.51,110.0,0,0
2026-10-02T18:13:00Z,24.71,49.73,141.0,0,0
2026-10-02T18:14:00Z,24.6,50.42,126.0,1,0
2026-10-02T18:15:00Z,24.95,45.94,129.0,0,0
2026-10-02T18:16:00Z,24.36,49.36,144.0,1,0
2026-10-02T18:17:00Z,24.12,49.91,132.0,1,0
2026-10-02T18:18:00Z,24.78,48.12,114.0,1,0
2026-10-02T18:19:00Z,24.77,46.72,108.0,0,0
2026-10-02T18:20:00Z,24.72,49.99,121.0,0,0
2026-10-02T18:21:00Z,24.68,46.81,109.0,0,0
2026-10-02T18:22:00Z,24.45,48.37,138.0,0,0
2026-10-02T18:23:00Z,24.77,48.61,126.0,1,0
2026-10-02T18:24:00Z,24.5,49.78,109.0,0,0
2026-10-02T18:25:00Z,24.36,47.8,123.0,1,0
2026-10-02T18:26:00Z,24.4,47.75,137.0,0,0
2026-10-02T18:27:00Z,25.08,48.96,120.0,0,0
2026-10-02T18:28:00Z,23.94,50.35,118.0,1,0
2026-10-02T18:29:00Z,24.6,52.31,129.0,1,0
2026-10-02T18:30:00Z,23.93,46.65,100.0,1,0
2026-10-02T18:31:00Z,24.39,49.42,148.0,1,0
2026-10-02T18:32:00Z,24.28,47.35,121.0,0,0
2026-10-02T18:33:00Z,23.77,50.54,131.0,1,0
2026-10-02T18:34:00Z,24.5,47.64,130.0,0,0
2026-10-02T18:35:00Z,24.25,48.07,146.0,0,0
2026-10-02T18:36:00Z,23.72,48.24,140.0,0,0
2026-10-02T18:37:00Z,24.59,49.04,121.0,0,0
2026-10-02T18:38:00Z,24.75,49.68,143.0,0,0
2026-10-02T18:39:00Z,24.76,49.95,134.0,1,0
2026-10-02T18:40:00Z,24.4,49.26,144.0,1,0
2026-10-02T18:41:00Z,24.29,47.31,132.0,0,0
2026-10-02T18:42:00Z,24.66,50.43,116.0,0,0
2026-10-02T18:43:00Z,24.76,49.29,124.0,0,0
2026-10-02T18:44:00Z,24.58,51.15,116.0,1,0
2026-10-02T18:45:00Z,23.94,48.38,129.0,0,0
2026-10-02T18:46:00Z,24.27,47.08,109.0,0,0
2026-10-02T18:47:00Z,24.33,49.47,129.0,0,0
2026-10-02T18:48:00Z,23.64,51.5,104.0,1,0
2026-10-02T18:49:00Z,24.3,49.83,140.0,1,0
2026-10-02T18:50:00Z,24.83,49.33,129.0,0,0
2026-10-02T18:51:00Z,24.33,48.36,150.0,0,0
2026-10-02T18:52:00Z,24.56,52.34,156.0,1,0
2026-10-02T18:53:00Z,24.16,48.19,123.0,1,0
2026-10-02T18:54:00Z,24.07,48.69,123.0,0,0
2026-10-02T18:55:00Z,24.19,50.67,137.0,0,0
2026-10-02T18:56:00Z,23.82,47.07,151.0,0,0
2026-10-02T18:57:00Z,23.76,51.8,138.0,0,0
2026-10-02T18:58:00Z,24.41,50.86,124.0,1,0
2026-10-02T18:59:00Z,24.43,51.31,150.0,1,0
2026-10-02T19:00:00Z,23.7,50.84,149.0,0,0
2026-10-02T19:01:00Z,24.28,49.8,139.0,0,0
2026-10-02T19:02:00Z,23.94,48.48,130.0,1,0
2026-10-02T19:03:00Z,24.06,49.9,108.0,0,0
2026-10-02T19:04:00Z,24.08,48.69,98.0,1,0
2026-10-02T19:05:00Z,24.22,50.92,132.0,1,0
2026-10-02T19:06:00Z,23.93,51.44,118.0,0,0
2026-10-02T19:07:00Z,24.32,52.48,143.0,1,0
2026-10-02T19:08:00Z,23.97,50.86,117.0,1,0
2026-10-02T19:09:00Z,24.05,51.73,110.0,0,0
2026-10-02T19:10:00Z,23.6,49.94,143.0,0,0
2026-10-02T19:11:00Z,24.48,49.7,117.0,0,0
2026-10-02T19:12:00Z,23.96,51.17,150.0,0,0
2026-10-02T19:13:00Z,24.01,49.92,107.0,1,0
2026-10-02T19:14:00Z,23.3,50.94,118.0,0,0
2026-10-02T19:15:00Z,23.52,48.99,107.0,1,0
2026-10-02T19:16:00Z,24.12,49.29,105.0,1,0
2026-10-02T19:17:00Z,23.82,51.61,125.0,0,0
2026-10-02T19:18:00Z,23.15,52.02,136.0,1,0
2026-10-02T19:19:00Z,24.02,49.26,124.0,0,0
2026-10-02T19:20:00Z,23.53,51.78,116.0,0,0
2026-10-02T19:21:00Z,24.1,50.01,139.0,0,0
2026-10-02T19:22:00Z,23.63,50.88,119.0,1,0
2026-10-02T19:23:00Z,23.7,53.02,121.0,1,0
2026-10-02T19:24:00Z,23.98,52.14,113.0,0,0
2026-10-02T19:25:00Z,23.34,52.17,147.0,0,0
2026-10-02T19:26:00Z,23.3,53.88,137.0,0,0
2026-10-02T19:27:00Z,23.52,50.0,145.0,0,0
2026-10-02T19:28:00Z,23.81,49.61,149.0,1,0
2026-10-02T19:29:00Z,23.15,50.05,115.0,1,0
2026-10-02T19:30:00Z,23.03,50.79,141.0,0,0
2026-10-02T19:31:00Z,23.76,47.68,118.0,0,0
2026-10-02T19:32:00Z,23.32,50.94,147.0,1,0
2026-10-02T19:33:00Z,23.36,50.48,138.0,0,0
2026-10-02T19:34:00Z,22.91,52.51,124.0,0,0
2026-10-02T19:35:00Z,23.25,51.9,154.0,0,0
2026-10-02T19:36:00Z,23.43,50.52,129.0,1,0
2026-10-02T19:37:00Z,23.7,52.34,145.0,0,0
2026-10-02T19:38:00Z,23.17,52.58,113.0,0,0
2026-10-02T19:39:00Z,23.88,50.39,135.0,0,0
2026-10-02T19:40:00Z,23.16,50.84,106.0,1,0
2026-10-02T19:41:00Z,23.15,48.28,126.0,0,0
2026-10-02T19:42:00Z,23.8,50.03,141.0,0,0
2026-10-02T19:43:00Z,23.38,50.59,115.0,0,1
2026-10-02T19:44:00Z,23.14,51.86,190.0,0,1
2026-10-02T19:45:00Z,23.24,50.37,222.0,0,1
2026-10-02T19:46:00Z,23.68,51.06,289.0,0,1
2026-10-02T19:47:00Z,23.69,50.03,357.0,0,1
2026-10-02T19:48:00Z,22.99,52.17,388.0,0,1
2026-10-02T19:49:00Z,23.21,52.59,435.0,0,1
2026-10-02T19:50:00Z,23.23,52.6,465.0,0,1
2026-10-02T19:51:00Z,22.89,52.05,509.0,0,1
2026-10-02T19:52:00Z,23.15,49.76,588.0,0,1
2026-10-02T19:53:00Z,23.15,51.19,119.0,0,0
2026-10-02T19:54:00Z,23.48,51.55,116.0,1,0
2026-10-02T19:55:00Z,23.48,51.6,146.0,0,0
2026-10-02T19:56:00Z,23.0,52.36,131.0,0,0
2026-10-02T19:57:00Z,23.02,54.42,148.0,0,0
2026-10-02T19:58:00Z,23.27,53.55,118.0,1,0
2026-10-02T19:59:00Z,22.88,50.89,154.0,1,0
2026-10-02T20:00:00Z,23.21,53.43,106.0,0,0
2026-10-02T20:01:00Z,22.99,53.41,119.0,0,0
2026-10-02T20:02:00Z,22.71,51.29,107.0,0,0
2026-10-02T20:03:00Z,22.7,53.81,115.0,0,0
2026-10-02T20:04:00Z,23.4,52.34,111.0,0,0
2026-10-02T20:05:00Z,22.9,50.51,116.0,0,0
2026-10-02T20:06:00Z,23.43,53.35,111.0,0,0
2026-10-02T20:07:00Z,22.76,53.03,97.0,0,0
2026-10-02T20:08:00Z,22.99,52.41,118.0,0,0
2026-10-02T20:09:00Z,23.6,52.74,109.0,0,0
2026-10-02T20:10:00Z,22.55,51.76,116.0,0,0
2026-10-02T20:11:00Z,22.28,53.79,116.0,0,0
2026-10-02T20:12:00Z,23.22,52.86,104.0,0,0
2026-10-02T20:13:00Z,22.57,53.21,103.0,0,0
2026-10-02T20:14:00Z,22.79,53.54,115.0,0,0
2026-10-02T20:15:00Z,22.6,51.32,108.0,0,0
2026-10-02T20:16:00Z,22.84,51.75,117.0,0,0
2026-10-02T20:17:00Z,22.46,49.82,109.0,0,0
2026-10-02T20:18:00Z,22.67,54.02,118.0,0,0
2026-10-02T20:19:00Z,22.85,51.4,113.0,0,0
2026-10-02T20:20:00Z,22.39,53.46,112.0,0,0
2026-10-02T20:21:00Z,22.47,53.86,107.0,0,0
2026-10-02T20:22:00Z,22.56,54.25,112.0,0,0
2026-10-02T20:23:00Z,22.21,51.59,120.0,0,0
2026-10-02T20:24:00Z,22.5,53.34,110.0,0,0
2026-10-02T20:25:00Z,22.64,55.98,114.0,0,0
2026-10-02T20:26:00Z,22.47,56.09,110.0,0,0
2026-10-02T20:27:00Z,22.49,55.05,111.0,0,0
2026-10-02T20:28:00Z,22.55,54.11,124.0,0,0
2026-10-02T20:29:00Z,22.34,52.14,120.0,0,0
2026-10-02T20:30:00Z,22.73,54.77,111.0,0,0
2026-10-02T20:31:00Z,22.94,53.5,112.0,0,0
2026-10-02T20:32:00Z,22.35,54.62,104.0,0,0
2026-10-02T20:33:00Z,22.62,52.88,109.0,0,0
2026-10-02T20:34:00Z,22.38,53.61,112.0,0,0
2026-10-02T20:35:00Z,22.55,54.16,117.0,0,0
2026-10-02T20:36:00Z,22.89,54.32,116.0,0,0
2026-10-02T20:37:00Z,22.55,54.74,101.0,0,0
2026-10-02T20:38:00Z,21.85,53.17,118.0,0,0
2026-10-02T20:39:00Z,22.5,52.07,109.0,0,0
2026-10-02T20:40:00Z,22.72,56.57,102.0,0,0
2026-10-02T20:41:00Z,22.26,57.91,121.0,0,0
2026-10-02T20:42:00Z,22.61,54.89,122.0,0,0
2026-10-02T20:43:00Z,22.09,52.27,112.0,0,0
2026-10-02T20:44:00Z,21.83,53.14,116.0,0,0
2026-10-02T20:45:00Z,22.3,55.11,116.0,0,0
2026-10-02T20:46:00Z,21.72,56.4,121.0,0,0
2026-10-02T20:47:00Z,22.15,52.61,116.0,0,0
2026-10-02T20:48:00Z,22.6,54.29,99.0,0,0
2026-10-02T20:49:00Z,21.62,54.81,126.0,0,0
2026-10-02T20:50:00Z,21.79,55.86,119.0,0,0
2026-10-02T20:51:00Z,21.85,54.09,106.0,0,0
2026-10-02T20:52:00Z,22.12,52.31,102.0,0,0
2026-10-02T20:53:00Z,22.01,55.63,114.0,0,0
2026-10-02T20:54:00Z,22.52,56.43,108.0,0,0
2026-10-02T20:55:00Z,22.37,54.66,113.0,0,0
2026-10-02T20:56:00Z,22.22,55.43,116.0,0,0
2026-10-02T20:57:00Z,22.1,54.16,105.0,0,0
2026-10-02T20:58:00Z,22.15,53.64,101.0,0,0
2026-10-02T20:59:00Z,21.76,56.5,113.0,0,0
2026-10-02T21:00:00Z,22.26,55.58,106.0,0,0
2026-10-02T21:01:00Z,21.65,55.78,111.0,0,0
2026-10-02T21:02:00Z,22.22,57.34,99.0,0,0
2026-10-02T21:03:00Z,22.3,53.55,108.0,0,0
2026-10-02T21:04:00Z,21.99,54.35,116.0,0,0
2026-10-02T21:05:00Z,21.86,55.46,115.0,0,0
2026-10-02T21:06:00Z,22.02,54.42,104.0,0,1
2026-10-02T21:07:00Z,21.82,56.48,221.0,0,1
2026-10-02T21:08:00Z,23.55,55.07,350.0,0,1
2026-10-02T21:09:00Z,24.21,53.9,474.0,0,1
2026-10-02T21:10:00Z,25.01,55.53,593.0,0,1
2026-10-02T21:11:00Z,26.02,55.74,706.0,0,1
2026-10-02T21:12:00Z,26.57,56.93,832.0,0,1
2026-10-02T21:13:00Z,27.03,56.16,962.0,0,1
2026-10-02T21:14:00Z,28.11,56.3,1072.0,0,1
2026-10-02T21:15:00Z,28.96,56.13,1177.0,0,1
2026-10-02T21:16:00Z,29.76,55.42,1312.0,0,1
2026-10-02T21:17:00Z,30.55,54.67,1446.0,0,1
2026-10-02T21:18:00Z,22.0,56.22,100.0,0,0
2026-10-02T21:19:00Z,21.34,55.33,110.0,0,0
2026-10-02T21:20:00Z,21.7,58.41,108.0,0,0
2026-10-02T21:21:00Z,22.02,57.93,111.0,0,0
2026-10-02T21:22:00Z,21.1,56.91,112.0,0,0
2026-10-02T21:23:00Z,21.65,56.57,119.0,0,0
2026-10-02T21:24:00Z,21.41,55.91,111.0,0,0
2026-10-02T21:25:00Z,21.45,54.2,120.0,0,0
2026-10-02T21:26:00Z,21.28,55.81,109.0,0,0
2026-10-02T21:27:00Z,21.48,56.33,107.0,0,0
2026-10-02T21:28:00Z,22.06,56.56,105.0,0,0
2026-10-02T21:29:00Z,21.12,56.97,95.0,0,0
2026-10-02T21:30:00Z,21.13,57.69,112.0,0,0
2026-10-02T21:31:00Z,21.07,55.31,126.0,0,0
2026-10-02T21:32:00Z,21.96,55.37,114.0,0,0
2026-10-02T21:33:00Z,21.29,58.61,115.0,0,0
2026-10-02T21:34:00Z,21.4,57.63,107.0,0,0
2026-10-02T21:35:00Z,21.27,55.94,108.0,0,0
2026-10-02T21:36:00Z,21.09,56.4,118.0,0,0
2026-10-02T21:37:00Z,21.29,56.45,126.0,0,0
2026-10-02T21:38:00Z,22.08,56.7,122.0,0,0
2026-10-02T21:39:00Z,21.74,57.4,116.0,0,0
2026-10-02T21:40:00Z,21.05,60.54,110.0,0,0
2026-10-02T21:41:00Z,21.48,57.06,112.0,0,0
2026-10-02T21:42:00Z,21.02,57.82,104.0,0,0
2026-10-02T21:43:00Z,20.72,54.34,98.0,0,0
2026-10-02T21:44:00Z,21.54,56.18,101.0,0,0
2026-10-02T21:45:00Z,21.57,58.79,110.0,0,0
2026-10-02T21:46:00Z,21.52,57.6,108.0,1,0
2026-10-02T21:47:00Z,21.04,50.45,98.0,0,0
2026-10-02T21:48:00Z,21.12,58.09,110.0,0,0
2026-10-02T21:49:00Z,21.38,60.0,107.0,0,0
2026-10-02T21:50:00Z,21.25,54.17,101.0,1,0
2026-10-02T21:51:00Z,21.0,59.49,107.0,0,0
2026-10-02T21:52:00Z,20.61,53.09,107.0,0,0
2026-10-02T21:53:00Z,21.12,58.7,105.0,0,0
2026-10-02T21:54:00Z,21.39,57.32,117.0,0,0
2026-10-02T21:55:00Z,20.69,53.85,95.0,0,0
2026-10-02T21:56:00Z,21.22,58.09,94.0,0,0
2026-10-02T21:57:00Z,21.11,59.19,110.0,0,0
2026-10-02T21:58:00Z,21.22,58.05,111.0,0,0
2026-10-02T21:59:00Z,21.24,58.42,113.0,0,0
2026-10-02T22:00:00Z,20.76,56.97,106.0,0,0
2026-10-02T22:01:00Z,20.46,54.84,103.0,0,0
2026-10-02T22:02:00Z,20.77,58.71,110.0,0,0
2026-10-02T22:03:00Z,21.18,60.34,106.0,0,0
2026-10-02T22:04:00Z,20.73,59.45,122.0,0,0
2026-10-02T22:05:00Z,20.67,54.82,107.0,0,0
2026-10-02T22:06:00Z,20.32,55.57,110.0,0,0
2026-10-02T22:07:00Z,21.37,56.61,130.0,0,0
2026-10-02T22:08:00Z,21.08,55.53,108.0,0,0
2026-10-02T22:09:00Z,21.04,58.03,114.0,0,0
2026-10-02T22:10:00Z,21.09,58.6,115.0,0,0
2026-10-02T22:11:00Z,20.95,55.9,116.0,0,0
2026-10-02T22:12:00Z,20.69,59.26,112.0,1,0
2026-10-02T22:13:00Z,20.7,59.03,112.0,0,0
2026-10-02T22:14:00Z,20.6,57.35,111.0,0,0
2026-10-02T22:15:00Z,21.5,57.96,105.0,0,0
2026-10-02T22:16:00Z,20.86,55.33,113.0,0,0
2026-10-02T22:17:00Z,20.54,57.8,126.0,0,0
2026-10-02T22:18:00Z,20.8,58.35,120.0,0,0
2026-10-02T22:19:00Z,20.35,58.63,112.0,0,0
2026-10-02T22:20:00Z,21.08,58.99,117.0,0,0
2026-10-02T22:21:00Z,20.42,58.83,103.0,1,0
2026-10-02T22:22:00Z,20.75,58.11,108.0,0,0
2026-10-02T22:23:00Z,20.9,58.97,118.0,0,0
2026-10-02T22:24:00Z,20.68,60.09,122.0,0,0
2026-10-02T22:25:00Z,20.58,58.48,104.0,0,0
2026-10-02T22:26:00Z,20.54,59.14,106.0,0,0
2026-10-02T22:27:00Z,20.5,58.43,127.0,0,0
2026-10-02T22:28:00Z,20.33,57.78,111.0,0,0
2026-10-02T22:29:00Z,20.35,59.57,125.0,0,0
2026-10-02T22:30:00Z,20.91,57.99,112.0,1,0
2026-10-02T22:31:00Z,20.42,59.45,112.0,0,0
2026-10-02T22:32:00Z,20.2,58.95,108.0,0,0
2026-10-02T22:33:00Z,20.27,58.49,118.0,0,0
2026-10-02T22:34:00Z,20.74,58.5,121.0,0,0
2026-10-02T22:35:00Z,20.59,58.27,102.0,0,0
2026-10-02T22:36:00Z,20.54,56.6,107.0,0,0
2026-10-02T22:37:00Z,20.28,59.68,117.0,0,0
2026-10-02T22:38:00Z,20.51,59.49,109.0,0,0
2026-10-02T22:39:00Z,20.13,60.46,106.0,0,0
2026-10-02T22:40:00Z,20.23,58.43,118.0,0,0
2026-10-02T22:41:00Z,20.58,62.11,119.0,0,0
2026-10-02T22:42:00Z,20.54,58.74,106.0,0,0
2026-10-02T22:43:00Z,19.97,58.03,112.0,0,0
2026-10-02T22:44:00Z,19.99,57.89,100.0,0,0
2026-10-02T22:45:00Z,20.26,56.82,103.0,0,0
2026-10-02T22:46:00Z,20.73,61.76,111.0,0,0
2026-10-02T22:47:00Z,19.62,61.56,110.0,0,0
2026-10-02T22:48:00Z,20.27,60.44,102.0,0,0
2026-10-02T22:49:00Z,19.76,58.23,104.0,0,0
2026-10-02T22:50:00Z,19.96,62.33,101.0,0,0
2026-10-02T22:51:00Z,20.03,59.13,114.0,0,0
2026-10-02T22:52:00Z,20.0,59.29,94.0,0,0
2026-10-02T22:53:00Z,19.95,61.89,102.0,0,0
2026-10-02T22:54:00Z,20.09,60.76,95.0,0,0
2026-10-02T22:55:00Z,19.92,63.11,113.0,0,0
2026-10-02T22:56:00Z,19.62,60.22,96.0,0,0
2026-10-02T22:57:00Z,20.28,59.29,110.0,0,0
2026-10-02T22:58:00Z,20.26,59.01,123.0,0,0
2026-10-02T22:59:00Z,20.27,57.19,123.0,0,0
2026-10-02T23:00:00Z,19.54,59.58,96.0,0,0
2026-10-02T23:01:00Z,20.07,61.75,112.0,0,0
2026-10-02T23:02:00Z,20.17,60.97,102.0,0,0
2026-10-02T23:03:00Z,19.65,60.14,100.0,0,0
2026-10-02T23:04:00Z,19.94,58.66,109.0,0,0
2026-10-02T23:05:00Z,19.89,60.53,120.0,0,0
2026-10-02T23:06:00Z,20.46,61.74,115.0,0,0
2026-10-02T23:07:00Z,20.47,60.91,104.0,0,0
2026-10-02T23:08:00Z,19.38,60.55,116.0,0,0
2026-10-02T23:09:00Z,20.61,59.14,92.0,0,0
2026-10-02T23:10:00Z,19.58,61.67,104.0,0,0
2026-10-02T23:11:00Z,20.13,55.71,103.0,0,0
2026-10-02T23:12:00Z,20.11,61.02,111.0,0,0
2026-10-02T23:13:00Z,19.51,64.34,108.0,0,0
2026-10-02T23:14:00Z,19.94,58.26,109.0,0,0
2026-10-02T23:15:00Z,19.75,60.19,109.0,0,0
2026-10-02T23:16:00Z,19.93,60.58,110.0,0,0
2026-10-02T23:17:00Z,19.82,59.93,114.0,0,0
2026-10-02T23:18:00Z,20.09,62.22,111.0,0,0
2026-10-02T23:19:00Z,19.74,61.41,108.0,0,0
2026-10-02T23:20:00Z,19.66,60.96,113.0,0,0
2026-10-02T23:21:00Z,20.02,61.97,117.0,0,0
2026-10-02T23:22:00Z,19.85,60.83,106.0,0,0
2026-10-02T23:23:00Z,19.88,65.61,110.0,0,0
2026-10-02T23:24:00Z,19.45,61.1,119.0,0,0
2026-10-02T23:25:00Z,19.32,61.21,101.0,0,0
2026-10-02T23:26:00Z,19.45,58.38,124.0,0,0
2026-10-02T23:27:00Z,19.42,60.17,99.0,0,0
2026-10-02T23:28:00Z,19.83,62.74,107.0,0,0
2026-10-02T23:29:00Z,19.87,59.05,102.0,0,0
2026-10-02T23:30:00Z,19.52,57.85,128.0,0,0
2026-10-02T23:31:00Z,19.98,61.17,106.0,0,0
2026-10-02T23:32:00Z,19.95,63.21,106.0,0,0
2026-10-02T23:33:00Z,19.6,61.25,107.0,0,0
2026-10-02T23:34:00Z,19.26,60.72,111.0,0,0
2026-10-02T23:35:00Z,19.97,58.47,107.0,0,0
2026-10-02T23:36:00Z,19.46,61.97,109.0,0,0
2026-10-02T23:37:00Z,19.51,62.32,82.0,1,0
2026-10-02T23:38:00Z,19.35,58.69,110.0,0,0
2026-10-02T23:39:00Z,19.18,63.1,110.0,0,0
2026-10-02T23:40:00Z,18.99,62.58,118.0,0,0
2026-10-02T23:41:00Z,19.61,63.16,120.0,1,0
2026-10-02T23:42:00Z,19.17,62.37,108.0,0,0
2026-10-02T23:43:00Z,20.31,62.51,117.0,0,0
2026-10-02T23:44:00Z,19.05,62.34,101.0,0,0
2026-10-02T23:45:00Z,18.99,62.9,116.0,0,0
2026-10-02T23:46:00Z,19.5,58.9,105.0,0,0
2026-10-02T23:47:00Z,19.8,59.41,101.0,0,0
2026-10-02T23:48:00Z,19.34,60.59,109.0,0,0
2026-10-02T23:49:00Z,19.48,61.53,121.0,0,0
2026-10-02T23:50:00Z,18.74,62.34,111.0,0,0
2026-10-02T23:51:00Z,19.08,62.28,122.0,0,0
2026-10-02T23:52:00Z,18.95,63.5,104.0,0,0
2026-10-02T23:53:00Z,18.69,63.57,118.0,0,0
2026-10-02T23:54:00Z,19.28,60.57,105.0,0,0
2026-10-02T23:55:00Z,18.56,62.27,112.0,0,0
2026-10-02T23:56:00Z,18.82,60.67,112.0,1,0
2026-10-02T23:57:00Z,19.05,61.7,115.0,0,0
2026-10-02T23:58:00Z,18.95,62.49,112.0,0,0
2026-10-02T23:59:00Z,19.3,56.93,104.0,0,0
